index,producer_timestamp,consumer_receive_timestamp,source_file,is_late,is_out_of_order,is_duplicate,merge_timestamp,end_to_end_delay_ms
20519,1751925461.1134338,1751927796.731116,batch_consumer-sts-0_20250707_223654_230735.csv,True,False,False,1751927821.5044935,2360391.0596370697
20529,1751925461.1136315,1751927797.3063166,batch_consumer-sts-0_20250707_223654_230735.csv,True,False,False,1751927821.5044935,2360390.8619880676
20539,1751925461.1138246,1751927797.3266785,batch_consumer-sts-0_20250707_223654_230735.csv,True,False,False,1751927821.5044935,2360390.6688690186
20549,1751925461.1140144,1751927797.3478162,batch_consumer-sts-0_20250707_223654_230735.csv,True,False,False,1751927821.5044935,2360390.4790878296
20559,1751925461.114215,1751927797.3689167,batch_consumer-sts-0_20250707_223654_230735.csv,True,False,False,1751927821.5044935,2360390.2785778046
20569,1751925461.1144023,1751927797.389972,batch_consumer-sts-0_20250707_223654_230735.csv,True,False,False,1751927821.5044935,2360390.0911808014
20579,1751925461.114586,1751927797.4110456,batch_consumer-sts-0_20250707_223654_230735.csv,True,False,False,1751927821.5044935,2360389.907360077
20589,1751925461.114776,1751927797.4324467,batch_consumer-sts-0_20250707_223654_230735.csv,True,False,False,1751927821.5044935,2360389.717578888
20599,1751925461.1149678,1751927797.453494,batch_consumer-sts-0_20250707_223654_230735.csv,True,False,False,1751927821.5044935,2360389.5256519318
20609,1751925461.115153,1751927797.4745047,batch_consumer-sts-0_20250707_223654_230735.csv,True,False,False,1751927821.5044935,2360389.340400696
20619,1751925461.115352,1751927797.4955866,batch_consumer-sts-0_20250707_223654_230735.csv,True,False,False,1751927821.5044935,2360389.141559601
20629,1751925461.1155477,1751927797.5166745,batch_consumer-sts-0_20250707_223654_230735.csv,True,False,False,1751927821.5044935,2360388.9458179474
20639,1751925461.1157317,1751927797.5376005,batch_consumer-sts-0_20250707_223654_230735.csv,True,False,False,1751927821.5044935,2360388.7617588043
20649,1751925461.115911,1751927797.5587742,batch_consumer-sts-0_20250707_223654_230735.csv,True,False,False,1751927821.5044935,2360388.582468033
20659,1751925461.1160862,1751927797.5797732,batch_consumer-sts-0_20250707_223654_230735.csv,True,False,False,1751927821.5044935,2360388.407230377
20669,1751925461.1162674,1751927797.6008074,batch_consumer-sts-0_20250707_223654_230735.csv,True,False,False,1751927821.5044935,2360388.226032257
20679,1751925461.1164613,1751927797.6218147,batch_consumer-sts-0_20250707_223654_230735.csv,True,False,False,1751927821.5044935,2360388.0321979523
20689,1751925461.116635,1751927797.6428409,batch_consumer-sts-0_20250707_223654_230735.csv,True,False,False,1751927821.5044935,2360387.858390808
20699,1751925461.1168067,1751927797.6639037,batch_consumer-sts-0_20250707_223654_230735.csv,True,False,False,1751927821.5044935,2360387.686729431
20709,1751925461.116985,1751927797.6848023,batch_consumer-sts-0_20250707_223654_230735.csv,True,False,False,1751927821.5044935,2360387.508392334
20719,1751925461.1171694,1751927797.705797,batch_consumer-sts-0_20250707_223654_230735.csv,True,False,False,1751927821.5044935,2360387.3240947723
20729,1751925461.117352,1751927798.0452948,batch_consumer-sts-0_20250707_223654_230735.csv,True,False,False,1751927821.5044935,2360387.1414661407
20739,1751925461.1175272,1751927798.066465,batch_consumer-sts-0_20250707_223654_230735.csv,True,False,False,1751927821.5044935,2360386.966228485
20749,1751925461.117708,1751927798.087625,batch_consumer-sts-0_20250707_223654_230735.csv,True,False,False,1751927821.5044935,2360386.785507202
20759,1751925461.117888,1751927798.1089747,batch_consumer-sts-0_20250707_223654_230735.csv,True,False,False,1751927821.5044935,2360386.605501175
20769,1751925461.118069,1751927798.129938,batch_consumer-sts-0_20250707_223654_230735.csv,True,False,False,1751927821.5044935,2360386.4245414734
20779,1751925461.11827,1751927798.150818,batch_consumer-sts-0_20250707_223654_230735.csv,True,False,False,1751927821.5044935,2360386.223554611
20789,1751925461.1184628,1751927798.171971,batch_consumer-sts-0_20250707_223654_230735.csv,True,False,False,1751927821.5044935,2360386.0306739807
20799,1751925461.1186478,1751927798.1930306,batch_consumer-sts-0_20250707_223654_230735.csv,True,False,False,1751927821.5044935,2360385.8456611633
20809,1751925461.1188514,1751927798.2143264,batch_consumer-sts-0_20250707_223654_230735.csv,True,False,False,1751927821.5044935,2360385.642051697
21839,1751925461.1393664,1751927798.2356482,batch_consumer-sts-0_20250707_223654_230735.csv,True,False,False,1751927821.5044935,2360365.1270866394
21849,1751925461.1395826,1751927798.2568655,batch_consumer-sts-0_20250707_223654_230735.csv,True,False,False,1751927821.5044935,2360364.910840988
21859,1751925461.1398582,1751927798.2782362,batch_consumer-sts-0_20250707_223654_230735.csv,True,False,False,1751927821.5044935,2360364.6352291107
21869,1751925461.1400735,1751927798.301172,batch_consumer-sts-0_20250707_223654_230735.csv,True,False,False,1751927821.5044935,2360364.419937134
21879,1751925461.1402738,1751927798.322428,batch_consumer-sts-0_20250707_223654_230735.csv,True,False,False,1751927821.5044935,2360364.2196655273
21889,1751925461.1405163,1751927798.3433723,batch_consumer-sts-0_20250707_223654_230735.csv,True,False,False,1751927821.5044935,2360363.9771938324
21899,1751925461.1407492,1751927798.3635669,batch_consumer-sts-0_20250707_223654_230735.csv,True,False,False,1751927821.5044935,2360363.7442588806
21909,1751925461.1409798,1751927798.3846076,batch_consumer-sts-0_20250707_223654_230735.csv,True,False,False,1751927821.5044935,2360363.5137081146
21919,1751925461.1412065,1751927798.4055998,batch_consumer-sts-0_20250707_223654_230735.csv,True,False,False,1751927821.5044935,2360363.286972046
21929,1751925461.1414375,1751927798.4267287,batch_consumer-sts-0_20250707_223654_230735.csv,True,False,False,1751927821.5044935,2360363.0559444427
21939,1751925461.141664,1751927799.4495726,batch_consumer-sts-0_20250707_223654_230735.csv,True,False,False,1751927821.5044935,2360362.8294467926
21949,1751925461.141997,1751927799.4707365,batch_consumer-sts-0_20250707_223654_230735.csv,True,False,False,1751927821.5044935,2360362.4963760376
21959,1751925461.1423905,1751927799.4916482,batch_consumer-sts-0_20250707_223654_230735.csv,True,False,False,1751927821.5044935,2360362.102985382
21969,1751925461.1427643,1751927799.5123577,batch_consumer-sts-0_20250707_223654_230735.csv,True,False,False,1751927821.5044935,2360361.72914505
21979,1751925461.143142,1751927799.5332391,batch_consumer-sts-0_20250707_223654_230735.csv,True,False,False,1751927821.5044935,2360361.3514900208
21989,1751925461.1435025,1751927799.5543792,batch_consumer-sts-0_20250707_223654_230735.csv,True,False,False,1751927821.5044935,2360360.991001129
21999,1751925461.14384,1751927799.575421,batch_consumer-sts-0_20250707_223654_230735.csv,True,False,False,1751927821.5044935,2360360.653400421
22009,1751925461.14415,1751927799.5966237,batch_consumer-sts-0_20250707_223654_230735.csv,True,False,False,1751927821.5044935,2360360.3434562683
22019,1751925461.1444983,1751927799.6176062,batch_consumer-sts-0_20250707_223654_230735.csv,True,False,False,1751927821.5044935,2360359.9951267242
22029,1751925461.1448526,1751927799.638672,batch_consumer-sts-0_20250707_223654_230735.csv,True,False,False,1751927821.5044935,2360359.6408367157
22039,1751925461.145171,1751927799.6597853,batch_consumer-sts-0_20250707_223654_230735.csv,True,False,False,1751927821.5044935,2360359.3225479126
22049,1751925461.1454637,1751927799.6808054,batch_consumer-sts-0_20250707_223654_230735.csv,True,False,False,1751927821.5044935,2360359.0297698975
22059,1751925461.145752,1751927799.7018363,batch_consumer-sts-0_20250707_223654_230735.csv,True,False,False,1751927821.5044935,2360358.7415218353
22069,1751925461.145932,1751927799.7228994,batch_consumer-sts-0_20250707_223654_230735.csv,True,False,False,1751927821.5044935,2360358.561515808
22079,1751925461.1461258,1751927799.7438984,batch_consumer-sts-0_20250707_223654_230735.csv,True,False,False,1751927821.5044935,2360358.3676815033
22089,1751925461.1463397,1751927799.7649803,batch_consumer-sts-0_20250707_223654_230735.csv,True,False,False,1751927821.5044935,2360358.153820038
22099,1751925461.1465292,1751927799.7857304,batch_consumer-sts-0_20250707_223654_230735.csv,True,False,False,1751927821.5044935,2360357.9642772675
22109,1751925461.146719,1751927799.806489,batch_consumer-sts-0_20250707_223654_230735.csv,True,False,False,1751927821.5044935,2360357.7744960785
22119,1751925461.1469338,1751927799.827311,batch_consumer-sts-0_20250707_223654_230735.csv,True,False,False,1751927821.5044935,2360357.5596809387
22129,1751925461.1471262,1751927799.848498,batch_consumer-sts-0_20250707_223654_230735.csv,True,False,False,1751927821.5044935,2360357.3672771454
22139,1751925461.1473124,1751927799.8694148,batch_consumer-sts-0_20250707_223654_230735.csv,True,False,False,1751927821.5044935,2360357.181072235
22149,1751925461.147509,1751927799.8906748,batch_consumer-sts-0_20250707_223654_230735.csv,True,False,False,1751927821.5044935,2360356.9843769073
22159,1751925461.1476877,1751927799.9119406,batch_consumer-sts-0_20250707_223654_230735.csv,True,False,False,1751927821.5044935,2360356.8058013916
22169,1751925461.1478815,1751927799.9328165,batch_consumer-sts-0_20250707_223654_230735.csv,True,False,False,1751927821.5044935,2360356.611967087
22179,1751925461.1481748,1751927799.9537876,batch_consumer-sts-0_20250707_223654_230735.csv,True,False,False,1751927821.5044935,2360356.3187122345
22189,1751925461.1484537,1751927799.9748616,batch_consumer-sts-0_20250707_223654_230735.csv,True,False,False,1751927821.5044935,2360356.039762497
22199,1751925461.148636,1751927799.9961555,batch_consumer-sts-0_20250707_223654_230735.csv,True,False,False,1751927821.5044935,2360355.857372284
22209,1751925461.1488154,1751927800.017632,batch_consumer-sts-0_20250707_223654_230735.csv,True,False,False,1751927821.5044935,2360355.6780815125
22219,1751925461.1489992,1751927800.0385194,batch_consumer-sts-0_20250707_223654_230735.csv,True,False,False,1751927821.5044935,2360355.494260788
22229,1751925461.1491969,1751927800.0595405,batch_consumer-sts-0_20250707_223654_230735.csv,True,False,False,1751927821.5044935,2360355.296611786
22239,1751925461.1493754,1751927800.0806155,batch_consumer-sts-0_20250707_223654_230735.csv,True,False,False,1751927821.5044935,2360355.11803627
22249,1751925461.149556,1751927800.1017592,batch_consumer-sts-0_20250707_223654_230735.csv,True,False,False,1751927821.5044935,2360354.9375534058
22259,1751925461.1497557,1751927800.123,batch_consumer-sts-0_20250707_223654_230735.csv,True,False,False,1751927821.5044935,2360354.7377586365
22269,1751925461.1499436,1751927800.1438916,batch_consumer-sts-0_20250707_223654_230735.csv,True,False,False,1751927821.5044935,2360354.549884796
22279,1751925461.1501336,1751927800.164767,batch_consumer-sts-0_20250707_223654_230735.csv,True,False,False,1751927821.5044935,2360354.3598651886
22289,1751925461.1503372,1751927800.1854722,batch_consumer-sts-0_20250707_223654_230735.csv,True,False,False,1751927821.5044935,2360354.156255722
22299,1751925461.1505218,1751927800.206297,batch_consumer-sts-0_20250707_223654_230735.csv,True,False,False,1751927821.5044935,2360353.971719742
22309,1751925461.1507103,1751927800.2270167,batch_consumer-sts-0_20250707_223654_230735.csv,True,False,False,1751927821.5044935,2360353.7831306458
22319,1751925461.1509228,1751927800.247929,batch_consumer-sts-0_20250707_223654_230735.csv,True,False,False,1751927821.5044935,2360353.570699692
22329,1751925461.1511345,1751927800.2686973,batch_consumer-sts-0_20250707_223654_230735.csv,True,False,False,1751927821.5044935,2360353.3589839935
22339,1751925461.1514685,1751927800.2893338,batch_consumer-sts-0_20250707_223654_230735.csv,True,False,False,1751927821.5044935,2360353.024959564
22349,1751925461.1517854,1751927800.3101776,batch_consumer-sts-0_20250707_223654_230735.csv,True,False,False,1751927821.5044935,2360352.7081012726
22359,1751925461.151985,1751927800.3310122,batch_consumer-sts-0_20250707_223654_230735.csv,True,False,False,1751927821.5044935,2360352.508544922
22369,1751925461.15218,1751927800.3520684,batch_consumer-sts-0_20250707_223654_230735.csv,True,False,False,1751927821.5044935,2360352.313518524
22379,1751925461.1523623,1751927800.3726938,batch_consumer-sts-0_20250707_223654_230735.csv,True,False,False,1751927821.5044935,2360352.131128311
22389,1751925461.152537,1751927800.3933969,batch_consumer-sts-0_20250707_223654_230735.csv,True,False,False,1751927821.5044935,2360351.9563674927
22399,1751925461.1527166,1751927800.4141152,batch_consumer-sts-0_20250707_223654_230735.csv,True,False,False,1751927821.5044935,2360351.7768383026
22409,1751925461.1529405,1751927800.4349003,batch_consumer-sts-0_20250707_223654_230735.csv,True,False,False,1751927821.5044935,2360351.552963257
22419,1751925461.1532283,1751927800.455793,batch_consumer-sts-0_20250707_223654_230735.csv,True,False,False,1751927821.5044935,2360351.265192032
22429,1751925461.1534784,1751927800.4766772,batch_consumer-sts-0_20250707_223654_230735.csv,True,False,False,1751927821.5044935,2360351.0150909424
22439,1751925461.1536572,1751927800.4976072,batch_consumer-sts-0_20250707_223654_230735.csv,True,False,False,1751927821.5044935,2360350.836277008
22449,1751925461.1538398,1751927800.5183065,batch_consumer-sts-0_20250707_223654_230735.csv,True,False,False,1751927821.5044935,2360350.6536483765
22459,1751925461.1540256,1751927800.5392666,batch_consumer-sts-0_20250707_223654_230735.csv,True,False,False,1751927821.5044935,2360350.4679203033
22469,1751925461.1543255,1751927800.5601976,batch_consumer-sts-0_20250707_223654_230735.csv,True,False,False,1751927821.5044935,2360350.167989731
22479,1751925461.1546528,1751927800.581254,batch_consumer-sts-0_20250707_223654_230735.csv,True,False,False,1751927821.5044935,2360349.8406410217
22489,1751925461.1548991,1751927800.602375,batch_consumer-sts-0_20250707_223654_230735.csv,True,False,False,1751927821.5044935,2360349.5943546295
22499,1751925461.1550903,1751927800.6226006,batch_consumer-sts-0_20250707_223654_230735.csv,True,False,False,1751927821.5044935,2360349.403142929
22509,1751925461.1552825,1751927800.6436293,batch_consumer-sts-0_20250707_223654_230735.csv,True,False,False,1751927821.5044935,2360349.2109775543
22519,1751925461.1554666,1751927800.6645224,batch_consumer-sts-0_20250707_223654_230735.csv,True,False,False,1751927821.5044935,2360349.0269184113
22529,1751925461.1556573,1751927800.6855185,batch_consumer-sts-0_20250707_223654_230735.csv,True,False,False,1751927821.5044935,2360348.836183548
22539,1751925461.1558588,1751927800.7067463,batch_consumer-sts-0_20250707_223654_230735.csv,True,False,False,1751927821.5044935,2360348.6347198486
22549,1751925461.1560354,1751927800.7280097,batch_consumer-sts-0_20250707_223654_230735.csv,True,False,False,1751927821.5044935,2360348.4580516815
22559,1751925461.1562088,1751927800.748835,batch_consumer-sts-0_20250707_223654_230735.csv,True,False,False,1751927821.5044935,2360348.2847213745
22569,1751925461.1563904,1751927800.7696233,batch_consumer-sts-0_20250707_223654_230735.csv,True,False,False,1751927821.5044935,2360348.1030464172
22579,1751925461.156567,1751927801.125952,batch_consumer-sts-0_20250707_223654_230735.csv,True,False,False,1751927821.5044935,2360347.92637825
22589,1751925461.156742,1751927801.147375,batch_consumer-sts-0_20250707_223654_230735.csv,True,False,False,1751927821.5044935,2360347.751379013
22599,1751925461.156916,1751927801.168313,batch_consumer-sts-0_20250707_223654_230735.csv,True,False,False,1751927821.5044935,2360347.577571869
22609,1751925461.1570976,1751927801.1893682,batch_consumer-sts-0_20250707_223654_230735.csv,True,False,False,1751927821.5044935,2360347.3958969116
22619,1751925461.1573026,1751927801.2102177,batch_consumer-sts-0_20250707_223654_230735.csv,True,False,False,1751927821.5044935,2360347.1908569336
22629,1751925461.1574914,1751927801.2311027,batch_consumer-sts-0_20250707_223654_230735.csv,True,False,False,1751927821.5044935,2360347.002029419
22639,1751925461.1576774,1751927801.2521043,batch_consumer-sts-0_20250707_223654_230735.csv,True,False,False,1751927821.5044935,2360346.8160629272
22649,1751925461.1578658,1751927801.2730403,batch_consumer-sts-0_20250707_223654_230735.csv,True,False,False,1751927821.5044935,2360346.6277122498
22659,1751925461.1580598,1751927801.2939515,batch_consumer-sts-0_20250707_223654_230735.csv,True,False,False,1751927821.5044935,2360346.4336395264
22669,1751925461.158314,1751927801.3148775,batch_consumer-sts-0_20250707_223654_230735.csv,True,False,False,1751927821.5044935,2360346.179485321
22679,1751925461.1585944,1751927801.3358111,batch_consumer-sts-0_20250707_223654_230735.csv,True,False,False,1751927821.5044935,2360345.899105072
22689,1751925461.15882,1751927801.3565843,batch_consumer-sts-0_20250707_223654_230735.csv,True,False,False,1751927821.5044935,2360345.673561096
22699,1751925461.159042,1751927801.3774295,batch_consumer-sts-0_20250707_223654_230735.csv,True,False,False,1751927821.5044935,2360345.451593399
22709,1751925461.1592643,1751927801.397284,batch_consumer-sts-0_20250707_223654_230735.csv,True,False,False,1751927821.5044935,2360345.2291488647
24749,1751925461.199937,1751927801.4180567,batch_consumer-sts-0_20250707_223654_230735.csv,True,False,False,1751927821.5044935,2360304.5563697815
24759,1751925461.200251,1751927801.4388227,batch_consumer-sts-0_20250707_223654_230735.csv,True,False,False,1751927821.5044935,2360304.242372513
24769,1751925461.200462,1751927801.4596963,batch_consumer-sts-0_20250707_223654_230735.csv,True,False,False,1751927821.5044935,2360304.0313720703
24779,1751925461.2006545,1751927801.480487,batch_consumer-sts-0_20250707_223654_230735.csv,True,False,False,1751927821.5044935,2360303.838968277
24789,1751925461.2008417,1751927801.5012836,batch_consumer-sts-0_20250707_223654_230735.csv,True,False,False,1751927821.5044935,2360303.6518096924
24799,1751925461.2010367,1751927801.522256,batch_consumer-sts-0_20250707_223654_230735.csv,True,False,False,1751927821.5044935,2360303.4567832947
24809,1751925461.201222,1751927801.5433283,batch_consumer-sts-0_20250707_223654_230735.csv,True,False,False,1751927821.5044935,2360303.2715320587
24819,1751925461.201413,1751927801.6945968,batch_consumer-sts-0_20250707_223654_230735.csv,True,False,False,1751927821.5044935,2360303.080558777
24829,1751925461.201605,1751927801.7154136,batch_consumer-sts-0_20250707_223654_230735.csv,True,False,False,1751927821.5044935,2360302.888393402
24839,1751925461.2017825,1751927801.7352538,batch_consumer-sts-0_20250707_223654_230735.csv,True,False,False,1751927821.5044935,2360302.7110099792
24849,1751925461.2019577,1751927801.7561083,batch_consumer-sts-0_20250707_223654_230735.csv,True,False,False,1751927821.5044935,2360302.5357723236
24859,1751925461.2021604,1751927801.7770953,batch_consumer-sts-0_20250707_223654_230735.csv,True,False,False,1751927821.5044935,2360302.3331165314
24869,1751925461.2023952,1751927801.798155,batch_consumer-sts-0_20250707_223654_230735.csv,True,False,False,1751927821.5044935,2360302.098274231
24879,1751925461.2026432,1751927801.8190007,batch_consumer-sts-0_20250707_223654_230735.csv,True,False,False,1751927821.5044935,2360301.8503189087
24889,1751925461.202831,1751927801.8399465,batch_consumer-sts-0_20250707_223654_230735.csv,True,False,False,1751927821.5044935,2360301.6624450684
24899,1751925461.2030177,1751927801.860779,batch_consumer-sts-0_20250707_223654_230735.csv,True,False,False,1751927821.5044935,2360301.475763321
24909,1751925461.203202,1751927801.881676,batch_consumer-sts-0_20250707_223654_230735.csv,True,False,False,1751927821.5044935,2360301.2914657593
33609,1751925461.384224,1751927801.902678,batch_consumer-sts-0_20250707_223654_230735.csv,True,False,False,1751927821.5044935,2360120.269536972
33619,1751925461.3844044,1751927802.0138595,batch_consumer-sts-0_20250707_223654_230735.csv,True,False,False,1751927821.5044935,2360120.0890541077
33629,1751925461.3845804,1751927802.0354328,batch_consumer-sts-0_20250707_223654_230735.csv,True,False,False,1751927821.5044935,2360119.9131011963
33639,1751925461.3847604,1751927802.0562823,batch_consumer-sts-0_20250707_223654_230735.csv,True,False,False,1751927821.5044935,2360119.733095169
33649,1751925461.384936,1751927802.0771604,batch_consumer-sts-0_20250707_223654_230735.csv,True,False,False,1751927821.5044935,2360119.5573806763
33659,1751925461.385115,1751927802.0978258,batch_consumer-sts-0_20250707_223654_230735.csv,True,False,False,1751927821.5044935,2360119.378566742
33669,1751925461.3852942,1751927802.1188288,batch_consumer-sts-0_20250707_223654_230735.csv,True,False,False,1751927821.5044935,2360119.1992759705
33679,1751925461.385471,1751927802.1399286,batch_consumer-sts-0_20250707_223654_230735.csv,True,False,False,1751927821.5044935,2360119.0223693848
33689,1751925461.385651,1751927802.1609926,batch_consumer-sts-0_20250707_223654_230735.csv,True,False,False,1751927821.5044935,2360118.8423633575
33699,1751925461.385824,1751927802.1820772,batch_consumer-sts-0_20250707_223654_230735.csv,True,False,False,1751927821.5044935,2360118.6695098877
33709,1751925461.3860052,1751927802.2028615,batch_consumer-sts-0_20250707_223654_230735.csv,True,False,False,1751927821.5044935,2360118.4883117676
33719,1751925461.386217,1751927802.223868,batch_consumer-sts-0_20250707_223654_230735.csv,True,False,False,1751927821.5044935,2360118.2763576508
33729,1751925461.3864057,1751927802.244723,batch_consumer-sts-0_20250707_223654_230735.csv,True,False,False,1751927821.5044935,2360118.0877685547
33739,1751925461.386598,1751927802.2658226,batch_consumer-sts-0_20250707_223654_230735.csv,True,False,False,1751927821.5044935,2360117.8953647614
33749,1751925461.3867905,1751927802.2868135,batch_consumer-sts-0_20250707_223654_230735.csv,True,False,False,1751927821.5044935,2360117.702960968
33759,1751925461.3869865,1751927802.3077576,batch_consumer-sts-0_20250707_223654_230735.csv,True,False,False,1751927821.5044935,2360117.506980896
33769,1751925461.3871891,1751927802.328744,batch_consumer-sts-0_20250707_223654_230735.csv,True,False,False,1751927821.5044935,2360117.3043251038
33779,1751925461.38738,1751927802.349634,batch_consumer-sts-0_20250707_223654_230735.csv,True,False,False,1751927821.5044935,2360117.1135902405
33789,1751925461.387575,1751927802.3704762,batch_consumer-sts-0_20250707_223654_230735.csv,True,False,False,1751927821.5044935,2360116.918563843
33799,1751925461.387756,1751927802.3914287,batch_consumer-sts-0_20250707_223654_230735.csv,True,False,False,1751927821.5044935,2360116.7373657227
33809,1751925461.3879366,1751927802.412259,batch_consumer-sts-0_20250707_223654_230735.csv,True,False,False,1751927821.5044935,2360116.5568828583
33819,1751925461.3881166,1751927802.433146,batch_consumer-sts-0_20250707_223654_230735.csv,True,False,False,1751927821.5044935,2360116.376876831
33829,1751925461.3882954,1751927802.4542842,batch_consumer-sts-0_20250707_223654_230735.csv,True,False,False,1751927821.5044935,2360116.1980628967
33839,1751925461.3884757,1751927802.4755056,batch_consumer-sts-0_20250707_223654_230735.csv,True,False,False,1751927821.5044935,2360116.017818451
33849,1751925461.388654,1751927802.4966257,batch_consumer-sts-0_20250707_223654_230735.csv,True,False,False,1751927821.5044935,2360115.8394813538
33859,1751925461.388832,1751927802.5177426,batch_consumer-sts-0_20250707_223654_230735.csv,True,False,False,1751927821.5044935,2360115.661382675
33869,1751925461.3890083,1751927802.5387492,batch_consumer-sts-0_20250707_223654_230735.csv,True,False,False,1751927821.5044935,2360115.485191345
33879,1751925461.389186,1751927802.5599496,batch_consumer-sts-0_20250707_223654_230735.csv,True,False,False,1751927821.5044935,2360115.307569504
33889,1751925461.3893676,1751927802.5808132,batch_consumer-sts-0_20250707_223654_230735.csv,True,False,False,1751927821.5044935,2360115.1258945465
33899,1751925461.3895438,1751927802.6016357,batch_consumer-sts-0_20250707_223654_230735.csv,True,False,False,1751927821.5044935,2360114.9497032166
33909,1751925461.3897374,1751927802.6228454,batch_consumer-sts-0_20250707_223654_230735.csv,True,False,False,1751927821.5044935,2360114.7561073303
33919,1751925461.3899193,1751927802.6438782,batch_consumer-sts-0_20250707_223654_230735.csv,True,False,False,1751927821.5044935,2360114.5741939545
33929,1751925461.390097,1751927802.665098,batch_consumer-sts-0_20250707_223654_230735.csv,True,False,False,1751927821.5044935,2360114.396572113
33939,1751925461.3903222,1751927802.6862612,batch_consumer-sts-0_20250707_223654_230735.csv,True,False,False,1751927821.5044935,2360114.171266556
33949,1751925461.3905282,1751927802.7072449,batch_consumer-sts-0_20250707_223654_230735.csv,True,False,False,1751927821.5044935,2360113.9652729034
33959,1751925461.3907328,1751927802.7279804,batch_consumer-sts-0_20250707_223654_230735.csv,True,False,False,1751927821.5044935,2360113.7607097626
33969,1751925461.3909657,1751927802.748814,batch_consumer-sts-0_20250707_223654_230735.csv,True,False,False,1751927821.5044935,2360113.527774811
33979,1751925461.3911817,1751927802.769462,batch_consumer-sts-0_20250707_223654_230735.csv,True,False,False,1751927821.5044935,2360113.311767578
33989,1751925461.391403,1751927802.7900434,batch_consumer-sts-0_20250707_223654_230735.csv,True,False,False,1751927821.5044935,2360113.0905151367
33999,1751925461.3915844,1751927802.810766,batch_consumer-sts-0_20250707_223654_230735.csv,True,False,False,1751927821.5044935,2360112.909078598
34499,1751925461.4019303,1751927802.831442,batch_consumer-sts-0_20250707_223654_230735.csv,True,False,False,1751927821.5044935,2360102.5631427765
34509,1751925461.4021757,1751927803.1256368,batch_consumer-sts-0_20250707_223654_230735.csv,True,False,False,1751927821.5044935,2360102.3178100586
34519,1751925461.4024024,1751927803.1471958,batch_consumer-sts-0_20250707_223654_230735.csv,True,False,False,1751927821.5044935,2360102.09107399
34529,1751925461.4026308,1751927803.1692376,batch_consumer-sts-0_20250707_223654_230735.csv,True,False,False,1751927821.5044935,2360101.862668991
34539,1751925461.4028609,1751927803.1901891,batch_consumer-sts-0_20250707_223654_230735.csv,True,False,False,1751927821.5044935,2360101.6325950623
34549,1751925461.4030826,1751927803.2115874,batch_consumer-sts-0_20250707_223654_230735.csv,True,False,False,1751927821.5044935,2360101.4108657837
34559,1751925461.4033146,1751927803.2333102,batch_consumer-sts-0_20250707_223654_230735.csv,True,False,False,1751927821.5044935,2360101.178884506
34569,1751925461.4035437,1751927803.255272,batch_consumer-sts-0_20250707_223654_230735.csv,True,False,False,1751927821.5044935,2360100.9497642517
34579,1751925461.4037714,1751927803.277191,batch_consumer-sts-0_20250707_223654_230735.csv,True,False,False,1751927821.5044935,2360100.7220745087
34589,1751925461.4039965,1751927803.298622,batch_consumer-sts-0_20250707_223654_230735.csv,True,False,False,1751927821.5044935,2360100.49700737
34599,1751925461.4042442,1751927803.3195093,batch_consumer-sts-0_20250707_223654_230735.csv,True,False,False,1751927821.5044935,2360100.2492904663
34609,1751925461.4044747,1751927803.3413172,batch_consumer-sts-0_20250707_223654_230735.csv,True,False,False,1751927821.5044935,2360100.0187397003
34619,1751925461.4047055,1751927803.3630812,batch_consumer-sts-0_20250707_223654_230735.csv,True,False,False,1751927821.5044935,2360099.7879505157
34629,1751925461.4049375,1751927803.3853452,batch_consumer-sts-0_20250707_223654_230735.csv,True,False,False,1751927821.5044935,2360099.5559692383
34639,1751925461.4051695,1751927803.406643,batch_consumer-sts-0_20250707_223654_230735.csv,True,False,False,1751927821.5044935,2360099.323987961
34649,1751925461.4054098,1751927803.4283335,batch_consumer-sts-0_20250707_223654_230735.csv,True,False,False,1751927821.5044935,2360099.083662033
34659,1751925461.4056363,1751927803.4500926,batch_consumer-sts-0_20250707_223654_230735.csv,True,False,False,1751927821.5044935,2360098.857164383
34669,1751925461.405866,1751927803.47173,batch_consumer-sts-0_20250707_223654_230735.csv,True,False,False,1751927821.5044935,2360098.6275672913
34679,1751925461.406109,1751927803.493472,batch_consumer-sts-0_20250707_223654_230735.csv,True,False,False,1751927821.5044935,2360098.3843803406
34689,1751925461.4063554,1751927803.5146632,batch_consumer-sts-0_20250707_223654_230735.csv,True,False,False,1751927821.5044935,2360098.1380939484
34699,1751925461.4065807,1751927803.5367143,batch_consumer-sts-0_20250707_223654_230735.csv,True,False,False,1751927821.5044935,2360097.912788391
34709,1751925461.4068186,1751927803.55855,batch_consumer-sts-0_20250707_223654_230735.csv,True,False,False,1751927821.5044935,2360097.674846649
34719,1751925461.4070537,1751927803.5811002,batch_consumer-sts-0_20250707_223654_230735.csv,True,False,False,1751927821.5044935,2360097.43976593
34729,1751925461.407282,1751927803.6024172,batch_consumer-sts-0_20250707_223654_230735.csv,True,False,False,1751927821.5044935,2360097.2113609314
34739,1751925461.407519,1751927803.6240172,batch_consumer-sts-0_20250707_223654_230735.csv,True,False,False,1751927821.5044935,2360096.974372864
34749,1751925461.4077487,1751927804.6470976,batch_consumer-sts-0_20250707_223654_230735.csv,True,False,False,1751927821.5044935,2360096.744775772
34759,1751925461.4079804,1751927804.6698442,batch_consumer-sts-0_20250707_223654_230735.csv,True,False,False,1751927821.5044935,2360096.513032913
34769,1751925461.408206,1751927804.691877,batch_consumer-sts-0_20250707_223654_230735.csv,True,False,False,1751927821.5044935,2360096.2874889374
34779,1751925461.4084334,1751927804.7126486,batch_consumer-sts-0_20250707_223654_230735.csv,True,False,False,1751927821.5044935,2360096.060037613
34789,1751925461.4086528,1751927804.734214,batch_consumer-sts-0_20250707_223654_230735.csv,True,False,False,1751927821.5044935,2360095.84069252
34799,1751925461.4088795,1751927804.7556984,batch_consumer-sts-0_20250707_223654_230735.csv,True,False,False,1751927821.5044935,2360095.6139564514
34809,1751925461.4091127,1751927804.7773654,batch_consumer-sts-0_20250707_223654_230735.csv,True,False,False,1751927821.5044935,2360095.380783081
34819,1751925461.4093366,1751927804.798592,batch_consumer-sts-0_20250707_223654_230735.csv,True,False,False,1751927821.5044935,2360095.1569080353
34829,1751925461.4095683,1751927804.819271,batch_consumer-sts-0_20250707_223654_230735.csv,True,False,False,1751927821.5044935,2360094.9251651764
34839,1751925461.409802,1751927804.8405678,batch_consumer-sts-0_20250707_223654_230735.csv,True,False,False,1751927821.5044935,2360094.691514969
34849,1751925461.4100254,1751927804.8625305,batch_consumer-sts-0_20250707_223654_230735.csv,True,False,False,1751927821.5044935,2360094.4681167603
34859,1751925461.4102595,1751927804.8848057,batch_consumer-sts-0_20250707_223654_230735.csv,True,False,False,1751927821.5044935,2360094.2339897156
34869,1751925461.4104917,1751927804.9061892,batch_consumer-sts-0_20250707_223654_230735.csv,True,False,False,1751927821.5044935,2360094.0017700195
34879,1751925461.4107163,1751927804.9276752,batch_consumer-sts-0_20250707_223654_230735.csv,True,False,False,1751927821.5044935,2360093.777179718
34889,1751925461.4109418,1751927804.9503753,batch_consumer-sts-0_20250707_223654_230735.csv,True,False,False,1751927821.5044935,2360093.551635742
34899,1751925461.4111674,1751927804.9718237,batch_consumer-sts-0_20250707_223654_230735.csv,True,False,False,1751927821.5044935,2360093.3260917664
34909,1751925461.4113932,1751927804.9932995,batch_consumer-sts-0_20250707_223654_230735.csv,True,False,False,1751927821.5044935,2360093.100309372
34919,1751925461.4115906,1751927805.0142016,batch_consumer-sts-0_20250707_223654_230735.csv,True,False,False,1751927821.5044935,2360092.9028987885
34929,1751925461.4117713,1751927805.0358436,batch_consumer-sts-0_20250707_223654_230735.csv,True,False,False,1751927821.5044935,2360092.7221775055
44749,1751925461.6243055,1751927805.0580487,batch_consumer-sts-0_20250707_223654_230735.csv,True,False,False,1751927821.5044935,2359880.1879882812
44759,1751925461.624576,1751927805.0802689,batch_consumer-sts-0_20250707_223654_230735.csv,True,False,False,1751927821.5044935,2359879.917383194
44769,1751925461.624809,1751927805.101564,batch_consumer-sts-0_20250707_223654_230735.csv,True,False,False,1751927821.5044935,2359879.684448242
44779,1751925461.6250458,1751927805.1239712,batch_consumer-sts-0_20250707_223654_230735.csv,True,False,False,1751927821.5044935,2359879.447698593
44789,1751925461.6252854,1751927805.146026,batch_consumer-sts-0_20250707_223654_230735.csv,True,False,False,1751927821.5044935,2359879.208087921
44799,1751925461.6255355,1751927805.1682842,batch_consumer-sts-0_20250707_223654_230735.csv,True,False,False,1751927821.5044935,2359878.9579868317
44809,1751925461.6257722,1751927805.1904442,batch_consumer-sts-0_20250707_223654_230735.csv,True,False,False,1751927821.5044935,2359878.7212371826
44819,1751925461.6260142,1751927805.2117846,batch_consumer-sts-0_20250707_223654_230735.csv,True,False,False,1751927821.5044935,2359878.479242325
44829,1751925461.6262484,1751927805.2338543,batch_consumer-sts-0_20250707_223654_230735.csv,True,False,False,1751927821.5044935,2359878.24511528
44839,1751925461.6264834,1751927805.2562983,batch_consumer-sts-0_20250707_223654_230735.csv,True,False,False,1751927821.5044935,2359878.010034561
44849,1751925461.6267097,1751927805.277154,batch_consumer-sts-0_20250707_223654_230735.csv,True,False,False,1751927821.5044935,2359877.7837753296
44859,1751925461.6269283,1751927805.298937,batch_consumer-sts-0_20250707_223654_230735.csv,True,False,False,1751927821.5044935,2359877.5651454926
44869,1751925461.6271513,1751927805.32232,batch_consumer-sts-0_20250707_223654_230735.csv,True,False,False,1751927821.5044935,2359877.342224121
44879,1751925461.627389,1751927805.3436203,batch_consumer-sts-0_20250707_223654_230735.csv,True,False,False,1751927821.5044935,2359877.1045207977
44889,1751925461.627621,1751927805.365732,batch_consumer-sts-0_20250707_223654_230735.csv,True,False,False,1751927821.5044935,2359876.8725395203
44899,1751925461.62785,1751927805.3882337,batch_consumer-sts-0_20250707_223654_230735.csv,True,False,False,1751927821.5044935,2359876.6434192657
44909,1751925461.628077,1751927805.4096386,batch_consumer-sts-0_20250707_223654_230735.csv,True,False,False,1751927821.5044935,2359876.4164447784
44919,1751925461.6283066,1751927805.4321823,batch_consumer-sts-0_20250707_223654_230735.csv,True,False,False,1751927821.5044935,2359876.186847687
44929,1751925461.6285365,1751927805.454789,batch_consumer-sts-0_20250707_223654_230735.csv,True,False,False,1751927821.5044935,2359875.9570121765
44939,1751925461.6287668,1751927805.4769812,batch_consumer-sts-0_20250707_223654_230735.csv,True,False,False,1751927821.5044935,2359875.726699829
44949,1751925461.6289933,1751927805.4993234,batch_consumer-sts-0_20250707_223654_230735.csv,True,False,False,1751927821.5044935,2359875.500202179
44959,1751925461.629228,1751927805.5211728,batch_consumer-sts-0_20250707_223654_230735.csv,True,False,False,1751927821.5044935,2359875.2653598785
44969,1751925461.629454,1751927805.542622,batch_consumer-sts-0_20250707_223654_230735.csv,True,False,False,1751927821.5044935,2359875.039577484
44979,1751925461.629681,1751927805.5650642,batch_consumer-sts-0_20250707_223654_230735.csv,True,False,False,1751927821.5044935,2359874.8123645782
44989,1751925461.6299074,1751927805.5864782,batch_consumer-sts-0_20250707_223654_230735.csv,True,False,False,1751927821.5044935,2359874.5861053467
44999,1751925461.6301365,1751927805.6083958,batch_consumer-sts-0_20250707_223654_230735.csv,True,False,False,1751927821.5044935,2359874.356985092
45009,1751925461.6303866,1751927805.6308138,batch_consumer-sts-0_20250707_223654_230735.csv,True,False,False,1751927821.5044935,2359874.1068840027
45019,1751925461.6306102,1751927805.652989,batch_consumer-sts-0_20250707_223654_230735.csv,True,False,False,1751927821.5044935,2359873.8832473755
45029,1751925461.630834,1751927805.675228,batch_consumer-sts-0_20250707_223654_230735.csv,True,False,False,1751927821.5044935,2359873.6593723297
45039,1751925461.6310706,1751927805.699832,batch_consumer-sts-0_20250707_223654_230735.csv,True,False,False,1751927821.5044935,2359873.4228610992
45049,1751925461.631306,1751927805.72192,batch_consumer-sts-0_20250707_223654_230735.csv,True,False,False,1751927821.5044935,2359873.1875419617
45059,1751925461.6315303,1751927805.765777,batch_consumer-sts-0_20250707_223654_230735.csv,True,False,False,1751927821.5044935,2359872.9631900787
45069,1751925461.6317654,1751927805.788003,batch_consumer-sts-0_20250707_223654_230735.csv,True,False,False,1751927821.5044935,2359872.7281093597
45079,1751925461.6319964,1751927805.8094974,batch_consumer-sts-0_20250707_223654_230735.csv,True,False,False,1751927821.5044935,2359872.4970817566
45089,1751925461.6322246,1751927805.8316493,batch_consumer-sts-0_20250707_223654_230735.csv,True,False,False,1751927821.5044935,2359872.2689151764
45099,1751925461.632453,1751927805.8584366,batch_consumer-sts-0_20250707_223654_230735.csv,True,False,False,1751927821.5044935,2359872.0405101776
45109,1751925461.632683,1751927805.880519,batch_consumer-sts-0_20250707_223654_230735.csv,True,False,False,1751927821.5044935,2359871.810436249
45119,1751925461.6329198,1751927805.9027934,batch_consumer-sts-0_20250707_223654_230735.csv,True,False,False,1751927821.5044935,2359871.5736865997
45129,1751925461.6331522,1751927806.1889596,batch_consumer-sts-0_20250707_223654_230735.csv,True,False,False,1751927821.5044935,2359871.341228485
45139,1751925461.6333842,1751927806.2104013,batch_consumer-sts-0_20250707_223654_230735.csv,True,False,False,1751927821.5044935,2359871.1092472076
45149,1751925461.6336193,1751927806.232715,batch_consumer-sts-0_20250707_223654_230735.csv,True,False,False,1751927821.5044935,2359870.8741664886
45159,1751925461.633852,1751927806.254811,batch_consumer-sts-0_20250707_223654_230735.csv,True,False,False,1751927821.5044935,2359870.6414699554
45169,1751925461.6340816,1751927806.2767563,batch_consumer-sts-0_20250707_223654_230735.csv,True,False,False,1751927821.5044935,2359870.411872864
46059,1751925461.654505,1751927806.298758,batch_consumer-sts-0_20250707_223654_230735.csv,True,False,False,1751927821.5044935,2359849.988460541
46069,1751925461.6547306,1751927806.3202677,batch_consumer-sts-0_20250707_223654_230735.csv,True,False,False,1751927821.5044935,2359849.762916565
46079,1751925461.654956,1751927806.3415277,batch_consumer-sts-0_20250707_223654_230735.csv,True,False,False,1751927821.5044935,2359849.537372589
46089,1751925461.655203,1751927806.3638897,batch_consumer-sts-0_20250707_223654_230735.csv,True,False,False,1751927821.5044935,2359849.290370941
46099,1751925461.6554267,1751927806.3864112,batch_consumer-sts-0_20250707_223654_230735.csv,True,False,False,1751927821.5044935,2359849.066734314
46109,1751925461.6556623,1751927806.408243,batch_consumer-sts-0_20250707_223654_230735.csv,True,False,False,1751927821.5044935,2359848.831176758
46119,1751925461.6558874,1751927806.430593,batch_consumer-sts-0_20250707_223654_230735.csv,True,False,False,1751927821.5044935,2359848.606109619
46129,1751925461.656113,1751927806.4527488,batch_consumer-sts-0_20250707_223654_230735.csv,True,False,False,1751927821.5044935,2359848.3805656433
46139,1751925461.6563327,1751927806.4750254,batch_consumer-sts-0_20250707_223654_230735.csv,True,False,False,1751927821.5044935,2359848.1607437134
46149,1751925461.6565597,1751927806.4971328,batch_consumer-sts-0_20250707_223654_230735.csv,True,False,False,1751927821.5044935,2359847.933769226
46159,1751925461.6567855,1751927806.5182178,batch_consumer-sts-0_20250707_223654_230735.csv,True,False,False,1751927821.5044935,2359847.7079868317
46169,1751925461.657019,1751927806.5404084,batch_consumer-sts-0_20250707_223654_230735.csv,True,False,False,1751927821.5044935,2359847.4745750427
46179,1751925461.6572382,1751927806.5627131,batch_consumer-sts-0_20250707_223654_230735.csv,True,False,False,1751927821.5044935,2359847.25522995
46189,1751925461.6574686,1751927806.586571,batch_consumer-sts-0_20250707_223654_230735.csv,True,False,False,1751927821.5044935,2359847.0249176025
46199,1751925461.6576974,1751927806.6079838,batch_consumer-sts-0_20250707_223654_230735.csv,True,False,False,1751927821.5044935,2359846.7960357666
46209,1751925461.657922,1751927806.6297183,batch_consumer-sts-0_20250707_223654_230735.csv,True,False,False,1751927821.5044935,2359846.571445465
46219,1751925461.6581511,1751927806.6524343,batch_consumer-sts-0_20250707_223654_230735.csv,True,False,False,1751927821.5044935,2359846.3423252106
46229,1751925461.6583867,1751927807.2219026,batch_consumer-sts-0_20250707_223654_230735.csv,True,False,False,1751927821.5044935,2359846.1067676544
46239,1751925461.6586173,1751927807.2445216,batch_consumer-sts-0_20250707_223654_230735.csv,True,False,False,1751927821.5044935,2359845.8762168884
46249,1751925461.6588457,1751927807.266635,batch_consumer-sts-0_20250707_223654_230735.csv,True,False,False,1751927821.5044935,2359845.6478118896
46259,1751925461.6590734,1751927807.2887585,batch_consumer-sts-0_20250707_223654_230735.csv,True,False,False,1751927821.5044935,2359845.4201221466
46269,1751925461.6592991,1751927807.310298,batch_consumer-sts-0_20250707_223654_230735.csv,True,False,False,1751927821.5044935,2359845.194339752
46279,1751925461.6595356,1751927807.3320858,batch_consumer-sts-0_20250707_223654_230735.csv,True,False,False,1751927821.5044935,2359844.9578285217
46289,1751925461.6597583,1751927807.3542967,batch_consumer-sts-0_20250707_223654_230735.csv,True,False,False,1751927821.5044935,2359844.735145569
46299,1751925461.6599789,1751927807.3766513,batch_consumer-sts-0_20250707_223654_230735.csv,True,False,False,1751927821.5044935,2359844.514608383
46309,1751925461.6602118,1751927807.39858,batch_consumer-sts-0_20250707_223654_230735.csv,True,False,False,1751927821.5044935,2359844.2816734314
46319,1751925461.660442,1751927807.4294658,batch_consumer-sts-0_20250707_223654_230735.csv,True,False,False,1751927821.5044935,2359844.051361084
46329,1751925461.6606777,1751927807.4516213,batch_consumer-sts-0_20250707_223654_230735.csv,True,False,False,1751927821.5044935,2359843.815803528
46339,1751925461.6609054,1751927807.4735298,batch_consumer-sts-0_20250707_223654_230735.csv,True,False,False,1751927821.5044935,2359843.588113785
46349,1751925461.6611326,1751927807.4957132,batch_consumer-sts-0_20250707_223654_230735.csv,True,False,False,1751927821.5044935,2359843.360900879
46359,1751925461.6613617,1751927807.5170565,batch_consumer-sts-0_20250707_223654_230735.csv,True,False,False,1751927821.5044935,2359843.1317806244
46369,1751925461.6615937,1751927807.5393295,batch_consumer-sts-0_20250707_223654_230735.csv,True,False,False,1751927821.5044935,2359842.899799347
46379,1751925461.6618278,1751927807.5614595,batch_consumer-sts-0_20250707_223654_230735.csv,True,False,False,1751927821.5044935,2359842.6656723022
46389,1751925461.662059,1751927807.5835235,batch_consumer-sts-0_20250707_223654_230735.csv,True,False,False,1751927821.5044935,2359842.4344062805
46399,1751925461.6622956,1751927807.60507,batch_consumer-sts-0_20250707_223654_230735.csv,True,False,False,1751927821.5044935,2359842.19789505
46409,1751925461.662523,1751927807.6271384,batch_consumer-sts-0_20250707_223654_230735.csv,True,False,False,1751927821.5044935,2359841.9704437256
46419,1751925461.6627538,1751927807.649372,batch_consumer-sts-0_20250707_223654_230735.csv,True,False,False,1751927821.5044935,2359841.739654541
46429,1751925461.662979,1751927807.672121,batch_consumer-sts-0_20250707_223654_230735.csv,True,False,False,1751927821.5044935,2359841.5145874023
46439,1751925461.6632264,1751927807.6946118,batch_consumer-sts-0_20250707_223654_230735.csv,True,False,False,1751927821.5044935,2359841.2671089172
46449,1751925461.6634605,1751927807.7158935,batch_consumer-sts-0_20250707_223654_230735.csv,True,False,False,1751927821.5044935,2359841.0329818726
46459,1751925461.6636877,1751927807.738091,batch_consumer-sts-0_20250707_223654_230735.csv,True,False,False,1751927821.5044935,2359840.8057689667
46469,1751925461.6639123,1751927807.7601788,batch_consumer-sts-0_20250707_223654_230735.csv,True,False,False,1751927821.5044935,2359840.581178665
46479,1751925461.6641405,1751927807.782118,batch_consumer-sts-0_20250707_223654_230735.csv,True,False,False,1751927821.5044935,2359840.353012085
46489,1751925461.6643682,1751927807.8032055,batch_consumer-sts-0_20250707_223654_230735.csv,True,False,False,1751927821.5044935,2359840.125322342
49619,1751925461.7353072,1751927807.8247168,batch_consumer-sts-0_20250707_223654_230735.csv,True,False,False,1751927821.5044935,2359769.186258316
49629,1751925461.7355423,1751927807.846366,batch_consumer-sts-0_20250707_223654_230735.csv,True,False,False,1751927821.5044935,2359768.951177597
49639,1751925461.735769,1751927807.8683753,batch_consumer-sts-0_20250707_223654_230735.csv,True,False,False,1751927821.5044935,2359768.7244415283
49649,1751925461.736004,1751927807.8903975,batch_consumer-sts-0_20250707_223654_230735.csv,True,False,False,1751927821.5044935,2359768.4893608093
49659,1751925461.7362342,1751927807.911801,batch_consumer-sts-0_20250707_223654_230735.csv,True,False,False,1751927821.5044935,2359768.2592868805
49669,1751925461.736472,1751927807.9338803,batch_consumer-sts-0_20250707_223654_230735.csv,True,False,False,1751927821.5044935,2359768.021583557
49679,1751925461.736704,1751927808.2008998,batch_consumer-sts-0_20250707_223654_230735.csv,True,False,False,1751927821.5044935,2359767.789363861
49689,1751925461.7369332,1751927808.2234488,batch_consumer-sts-0_20250707_223654_230735.csv,True,False,False,1751927821.5044935,2359767.5602436066
49699,1751925461.737159,1751927808.2461429,batch_consumer-sts-0_20250707_223654_230735.csv,True,False,False,1751927821.5044935,2359767.334461212
49709,1751925461.7373905,1751927808.268587,batch_consumer-sts-0_20250707_223654_230735.csv,True,False,False,1751927821.5044935,2359767.102956772
49719,1751925461.7376268,1751927808.2903895,batch_consumer-sts-0_20250707_223654_230735.csv,True,False,False,1751927821.5044935,2359766.86668396
49729,1751925461.7378576,1751927808.312142,batch_consumer-sts-0_20250707_223654_230735.csv,True,False,False,1751927821.5044935,2359766.6358947754
49739,1751925461.7380838,1751927808.3340812,batch_consumer-sts-0_20250707_223654_230735.csv,True,False,False,1751927821.5044935,2359766.409635544
49749,1751925461.7383294,1751927808.3595417,batch_consumer-sts-0_20250707_223654_230735.csv,True,False,False,1751927821.5044935,2359766.1640644073
49759,1751925461.738558,1751927808.3814497,batch_consumer-sts-0_20250707_223654_230735.csv,True,False,False,1751927821.5044935,2359765.93542099
49769,1751925461.7387805,1751927808.4029677,batch_consumer-sts-0_20250707_223654_230735.csv,True,False,False,1751927821.5044935,2359765.7129764557
49779,1751925461.7390134,1751927808.425075,batch_consumer-sts-0_20250707_223654_230735.csv,True,False,False,1751927821.5044935,2359765.480041504
49789,1751925461.7392354,1751927808.4473984,batch_consumer-sts-0_20250707_223654_230735.csv,True,False,False,1751927821.5044935,2359765.2580738068
49799,1751925461.739454,1751927808.4692478,batch_consumer-sts-0_20250707_223654_230735.csv,True,False,False,1751927821.5044935,2359765.0394439697
49809,1751925461.739676,1751927808.491208,batch_consumer-sts-0_20250707_223654_230735.csv,True,False,False,1751927821.5044935,2359764.8174762726
49819,1751925461.7399056,1751927808.5134797,batch_consumer-sts-0_20250707_223654_230735.csv,True,False,False,1751927821.5044935,2359764.587879181
49829,1751925461.740131,1751927808.5357745,batch_consumer-sts-0_20250707_223654_230735.csv,True,False,False,1751927821.5044935,2359764.3625736237
49839,1751925461.7403538,1751927808.5581615,batch_consumer-sts-0_20250707_223654_230735.csv,True,False,False,1751927821.5044935,2359764.139652252
49849,1751925461.7405796,1751927808.5815651,batch_consumer-sts-0_20250707_223654_230735.csv,True,False,False,1751927821.5044935,2359763.913869858
49859,1751925461.7408063,1751927808.6032245,batch_consumer-sts-0_20250707_223654_230735.csv,True,False,False,1751927821.5044935,2359763.687133789
49869,1751925461.7410388,1751927808.6291397,batch_consumer-sts-0_20250707_223654_230735.csv,True,False,False,1751927821.5044935,2359763.4546756744
49879,1751925461.7412667,1751927808.650244,batch_consumer-sts-0_20250707_223654_230735.csv,True,False,False,1751927821.5044935,2359763.226747513
49889,1751925461.7414975,1751927808.6724615,batch_consumer-sts-0_20250707_223654_230735.csv,True,False,False,1751927821.5044935,2359762.9959583282
49899,1751925461.741817,1751927808.6950288,batch_consumer-sts-0_20250707_223654_230735.csv,True,False,False,1751927821.5044935,2359762.6764774323
49909,1751925461.7420638,1751927808.7167425,batch_consumer-sts-0_20250707_223654_230735.csv,True,False,False,1751927821.5044935,2359762.429714203
49919,1751925461.7423038,1751927808.739004,batch_consumer-sts-0_20250707_223654_230735.csv,True,False,False,1751927821.5044935,2359762.1896266937
49929,1751925461.7425373,1751927808.7615962,batch_consumer-sts-0_20250707_223654_230735.csv,True,False,False,1751927821.5044935,2359761.956214905
49939,1751925461.7427642,1751927808.78399,batch_consumer-sts-0_20250707_223654_230735.csv,True,False,False,1751927821.5044935,2359761.7292404175
49949,1751925461.7430031,1751927808.8052716,batch_consumer-sts-0_20250707_223654_230735.csv,True,False,False,1751927821.5044935,2359761.490345001
49959,1751925461.7432368,1751927809.829444,batch_consumer-sts-0_20250707_223654_230735.csv,True,False,False,1751927821.5044935,2359761.2566947937
49969,1751925461.743472,1751927809.851567,batch_consumer-sts-0_20250707_223654_230735.csv,True,False,False,1751927821.5044935,2359761.021375656
49979,1751925461.7437088,1751927809.8735416,batch_consumer-sts-0_20250707_223654_230735.csv,True,False,False,1751927821.5044935,2359760.784626007
49989,1751925461.7439394,1751927809.8967254,batch_consumer-sts-0_20250707_223654_230735.csv,True,False,False,1751927821.5044935,2359760.554075241
49999,1751925461.7441714,1751927809.917798,batch_consumer-sts-0_20250707_223654_230735.csv,True,False,False,1751927821.5044935,2359760.3220939636
50009,1751925461.7444017,1751927809.9394617,batch_consumer-sts-0_20250707_223654_230735.csv,True,False,False,1751927821.5044935,2359760.091781616
50019,1751925461.744635,1751927809.9609756,batch_consumer-sts-0_20250707_223654_230735.csv,True,False,False,1751927821.5044935,2359759.8583698273
50029,1751925461.744863,1751927809.9827647,batch_consumer-sts-0_20250707_223654_230735.csv,True,False,False,1751927821.5044935,2359759.6304416656
50039,1751925461.7450955,1751927810.004311,batch_consumer-sts-0_20250707_223654_230735.csv,True,False,False,1751927821.5044935,2359759.397983551
50049,1751925461.745321,1751927810.026307,batch_consumer-sts-0_20250707_223654_230735.csv,True,False,False,1751927821.5044935,2359759.172439575
50059,1751925461.7455585,1751927810.047932,batch_consumer-sts-0_20250707_223654_230735.csv,True,False,False,1751927821.5044935,2359758.9349746704
50069,1751925461.7457998,1751927810.0697656,batch_consumer-sts-0_20250707_223654_230735.csv,True,False,False,1751927821.5044935,2359758.6936950684
50079,1751925461.746025,1751927810.0919044,batch_consumer-sts-0_20250707_223654_230735.csv,True,False,False,1751927821.5044935,2359758.468389511
50089,1751925461.746263,1751927810.1135392,batch_consumer-sts-0_20250707_223654_230735.csv,True,False,False,1751927821.5044935,2359758.230447769
50099,1751925461.7464962,1751927810.1361847,batch_consumer-sts-0_20250707_223654_230735.csv,True,False,False,1751927821.5044935,2359757.997274399
50109,1751925461.7467282,1751927810.158493,batch_consumer-sts-0_20250707_223654_230735.csv,True,False,False,1751927821.5044935,2359757.7652931213
50119,1751925461.74696,1751927810.1804652,batch_consumer-sts-0_20250707_223654_230735.csv,True,False,False,1751927821.5044935,2359757.5335502625
50129,1751925461.747189,1751927810.202706,batch_consumer-sts-0_20250707_223654_230735.csv,True,False,False,1751927821.5044935,2359757.304430008
50139,1751925461.7474165,1751927810.2248385,batch_consumer-sts-0_20250707_223654_230735.csv,True,False,False,1751927821.5044935,2359757.0769786835
50149,1751925461.7476518,1751927810.2473311,batch_consumer-sts-0_20250707_223654_230735.csv,True,False,False,1751927821.5044935,2359756.841659546
50159,1751925461.7478766,1751927810.269513,batch_consumer-sts-0_20250707_223654_230735.csv,True,False,False,1751927821.5044935,2359756.616830826
50169,1751925461.748113,1751927810.292606,batch_consumer-sts-0_20250707_223654_230735.csv,True,False,False,1751927821.5044935,2359756.380558014
50179,1751925461.748343,1751927810.314233,batch_consumer-sts-0_20250707_223654_230735.csv,True,False,False,1751927821.5044935,2359756.150484085
50189,1751925461.74858,1751927810.336548,batch_consumer-sts-0_20250707_223654_230735.csv,True,False,False,1751927821.5044935,2359755.9134960175
50199,1751925461.748806,1751927810.3587637,batch_consumer-sts-0_20250707_223654_230735.csv,True,False,False,1751927821.5044935,2359755.6874752045
50209,1751925461.7490463,1751927810.3812032,batch_consumer-sts-0_20250707_223654_230735.csv,True,False,False,1751927821.5044935,2359755.4471492767
50219,1751925461.7492774,1751927810.4018855,batch_consumer-sts-0_20250707_223654_230735.csv,True,False,False,1751927821.5044935,2359755.2161216736
50229,1751925461.749511,1751927810.4242983,batch_consumer-sts-0_20250707_223654_230735.csv,True,False,False,1751927821.5044935,2359754.982471466
50239,1751925461.7497363,1751927810.4478347,batch_consumer-sts-0_20250707_223654_230735.csv,True,False,False,1751927821.5044935,2359754.757165909
50249,1751925461.749967,1751927810.4715009,batch_consumer-sts-0_20250707_223654_230735.csv,True,False,False,1751927821.5044935,2359754.5263767242
50259,1751925461.7502096,1751927810.4940672,batch_consumer-sts-0_20250707_223654_230735.csv,True,False,False,1751927821.5044935,2359754.2839050293
50269,1751925461.750444,1751927810.5154994,batch_consumer-sts-0_20250707_223654_230735.csv,True,False,False,1751927821.5044935,2359754.049539566
50279,1751925461.7506776,1751927810.537266,batch_consumer-sts-0_20250707_223654_230735.csv,True,False,False,1751927821.5044935,2359753.8158893585
50289,1751925461.7509036,1751927810.5589044,batch_consumer-sts-0_20250707_223654_230735.csv,True,False,False,1751927821.5044935,2359753.5898685455
50299,1751925461.7511337,1751927810.5807164,batch_consumer-sts-0_20250707_223654_230735.csv,True,False,False,1751927821.5044935,2359753.3597946167
50309,1751925461.751364,1751927810.6022837,batch_consumer-sts-0_20250707_223654_230735.csv,True,False,False,1751927821.5044935,2359753.1294822693
50319,1751925461.751592,1751927810.6239817,batch_consumer-sts-0_20250707_223654_230735.csv,True,False,False,1751927821.5044935,2359752.9015541077
50329,1751925461.751829,1751927810.6457,batch_consumer-sts-0_20250707_223654_230735.csv,True,False,False,1751927821.5044935,2359752.66456604
50339,1751925461.7520616,1751927810.667556,batch_consumer-sts-0_20250707_223654_230735.csv,True,False,False,1751927821.5044935,2359752.431869507
50349,1751925461.7522988,1751927810.6894474,batch_consumer-sts-0_20250707_223654_230735.csv,True,False,False,1751927821.5044935,2359752.1946430206
50359,1751925461.7525313,1751927810.710974,batch_consumer-sts-0_20250707_223654_230735.csv,True,False,False,1751927821.5044935,2359751.962184906
50369,1751925461.752766,1751927810.7325828,batch_consumer-sts-0_20250707_223654_230735.csv,True,False,False,1751927821.5044935,2359751.727581024
50379,1751925461.7529974,1751927810.7546556,batch_consumer-sts-0_20250707_223654_230735.csv,True,False,False,1751927821.5044935,2359751.496076584
50389,1751925461.7532244,1751927810.7763767,batch_consumer-sts-0_20250707_223654_230735.csv,True,False,False,1751927821.5044935,2359751.2691020966
50399,1751925461.753463,1751927810.7980964,batch_consumer-sts-0_20250707_223654_230735.csv,True,False,False,1751927821.5044935,2359751.030445099
50409,1751925461.7536943,1751927810.8191462,batch_consumer-sts-0_20250707_223654_230735.csv,True,False,False,1751927821.5044935,2359750.799179077
50419,1751925461.7539282,1751927810.840222,batch_consumer-sts-0_20250707_223654_230735.csv,True,False,False,1751927821.5044935,2359750.565290451
50429,1751925461.7541704,1751927810.8620615,batch_consumer-sts-0_20250707_223654_230735.csv,True,False,False,1751927821.5044935,2359750.3230571747
50439,1751925461.7544072,1751927810.883283,batch_consumer-sts-0_20250707_223654_230735.csv,True,False,False,1751927821.5044935,2359750.0863075256
50449,1751925461.754633,1751927810.9045312,batch_consumer-sts-0_20250707_223654_230735.csv,True,False,False,1751927821.5044935,2359749.860525131
50459,1751925461.7548623,1751927810.9267063,batch_consumer-sts-0_20250707_223654_230735.csv,True,False,False,1751927821.5044935,2359749.631166458
50469,1751925461.7550917,1751927810.9489577,batch_consumer-sts-0_20250707_223654_230735.csv,True,False,False,1751927821.5044935,2359749.401807785
52249,1751925461.7959013,1751927810.9713252,batch_consumer-sts-0_20250707_223654_230735.csv,True,False,False,1751927821.5044935,2359708.5921764374
52259,1751925461.796135,1751927810.9934115,batch_consumer-sts-0_20250707_223654_230735.csv,True,False,False,1751927821.5044935,2359708.35852623
52269,1751925461.796367,1751927811.0147054,batch_consumer-sts-0_20250707_223654_230735.csv,True,False,False,1751927821.5044935,2359708.1265449524
52279,1751925461.7965949,1751927811.2136424,batch_consumer-sts-0_20250707_223654_230735.csv,True,False,False,1751927821.5044935,2359707.898616791
52289,1751925461.7968163,1751927811.2360566,batch_consumer-sts-0_20250707_223654_230735.csv,True,False,False,1751927821.5044935,2359707.677125931
52299,1751925461.7970452,1751927811.2580538,batch_consumer-sts-0_20250707_223654_230735.csv,True,False,False,1751927821.5044935,2359707.448244095
52309,1751925461.7972715,1751927811.28428,batch_consumer-sts-0_20250707_223654_230735.csv,True,False,False,1751927821.5044935,2359707.2219848633
52319,1751925461.7974992,1751927811.3060114,batch_consumer-sts-0_20250707_223654_230735.csv,True,False,False,1751927821.5044935,2359706.9942951202
52329,1751925461.7977283,1751927811.3281834,batch_consumer-sts-0_20250707_223654_230735.csv,True,False,False,1751927821.5044935,2359706.7651748657
52339,1751925461.797962,1751927811.350411,batch_consumer-sts-0_20250707_223654_230735.csv,True,False,False,1751927821.5044935,2359706.531524658
52349,1751925461.7981973,1751927811.3731928,batch_consumer-sts-0_20250707_223654_230735.csv,True,False,False,1751927821.5044935,2359706.2962055206
52359,1751925461.798424,1751927811.3953772,batch_consumer-sts-0_20250707_223654_230735.csv,True,False,False,1751927821.5044935,2359706.069469452
52369,1751925461.7986565,1751927811.4169972,batch_consumer-sts-0_20250707_223654_230735.csv,True,False,False,1751927821.5044935,2359705.8370113373
52379,1751925461.7988782,1751927811.4396284,batch_consumer-sts-0_20250707_223654_230735.csv,True,False,False,1751927821.5044935,2359705.6152820587
52389,1751925461.7991145,1751927811.478784,batch_consumer-sts-0_20250707_223654_230735.csv,True,False,False,1751927821.5044935,2359705.379009247
52399,1751925461.799353,1751927811.500427,batch_consumer-sts-0_20250707_223654_230735.csv,True,False,False,1751927821.5044935,2359705.1405906677
52409,1751925461.799587,1751927811.5263257,batch_consumer-sts-0_20250707_223654_230735.csv,True,False,False,1751927821.5044935,2359704.906463623
52419,1751925461.799817,1751927811.548205,batch_consumer-sts-0_20250707_223654_230735.csv,True,False,False,1751927821.5044935,2359704.676389694
52429,1751925461.8000412,1751927811.569342,batch_consumer-sts-0_20250707_223654_230735.csv,True,False,False,1751927821.5044935,2359704.45227623
52439,1751925461.800268,1751927811.591042,batch_consumer-sts-0_20250707_223654_230735.csv,True,False,False,1751927821.5044935,2359704.225540161
52449,1751925461.8004932,1751927811.6123457,batch_consumer-sts-0_20250707_223654_230735.csv,True,False,False,1751927821.5044935,2359704.000234604
52459,1751925461.800721,1751927811.6341772,batch_consumer-sts-0_20250707_223654_230735.csv,True,False,False,1751927821.5044935,2359703.772544861
52469,1751925461.800956,1751927811.656315,batch_consumer-sts-0_20250707_223654_230735.csv,True,False,False,1751927821.5044935,2359703.537464142
52479,1751925461.8011837,1751927811.6783423,batch_consumer-sts-0_20250707_223654_230735.csv,True,False,False,1751927821.5044935,2359703.309774399
52489,1751925461.801408,1751927811.6999073,batch_consumer-sts-0_20250707_223654_230735.csv,True,False,False,1751927821.5044935,2359703.085422516
52499,1751925461.8016343,1751927811.7218754,batch_consumer-sts-0_20250707_223654_230735.csv,True,False,False,1751927821.5044935,2359702.8591632843
52509,1751925461.8018634,1751927811.74465,batch_consumer-sts-0_20250707_223654_230735.csv,True,False,False,1751927821.5044935,2359702.63004303
52519,1751925461.802094,1751927811.769388,batch_consumer-sts-0_20250707_223654_230735.csv,True,False,False,1751927821.5044935,2359702.399492264
52529,1751925461.8023355,1751927812.1704855,batch_consumer-sts-0_20250707_223654_230735.csv,True,False,False,1751927821.5044935,2359702.157974243
52539,1751925461.8025637,1751927812.1941516,batch_consumer-sts-0_20250707_223654_230735.csv,True,False,False,1751927821.5044935,2359701.929807663
52549,1751925461.8027878,1751927812.215282,batch_consumer-sts-0_20250707_223654_230735.csv,True,False,False,1751927821.5044935,2359701.7056941986
52559,1751925461.803021,1751927812.23741,batch_consumer-sts-0_20250707_223654_230735.csv,True,False,False,1751927821.5044935,2359701.4725208282
52569,1751925461.803251,1751927812.259321,batch_consumer-sts-0_20250707_223654_230735.csv,True,False,False,1751927821.5044935,2359701.2424468994
52579,1751925461.8034782,1751927812.281431,batch_consumer-sts-0_20250707_223654_230735.csv,True,False,False,1751927821.5044935,2359701.0152339935
52589,1751925461.8037045,1751927812.3033974,batch_consumer-sts-0_20250707_223654_230735.csv,True,False,False,1751927821.5044935,2359700.788974762
52599,1751925461.8039322,1751927812.324293,batch_consumer-sts-0_20250707_223654_230735.csv,True,False,False,1751927821.5044935,2359700.561285019
52609,1751925461.8041582,1751927812.3465335,batch_consumer-sts-0_20250707_223654_230735.csv,True,False,False,1751927821.5044935,2359700.335264206
52619,1751925461.804387,1751927812.368864,batch_consumer-sts-0_20250707_223654_230735.csv,True,False,False,1751927821.5044935,2359700.10638237
52629,1751925461.8046768,1751927812.391287,batch_consumer-sts-0_20250707_223654_230735.csv,True,False,False,1751927821.5044935,2359699.8167037964
52639,1751925461.8049088,1751927812.4130754,batch_consumer-sts-0_20250707_223654_230735.csv,True,False,False,1751927821.5044935,2359699.584722519
52649,1751925461.8051524,1751927812.4355474,batch_consumer-sts-0_20250707_223654_230735.csv,True,False,False,1751927821.5044935,2359699.341058731
52659,1751925461.80538,1751927812.4575126,batch_consumer-sts-0_20250707_223654_230735.csv,True,False,False,1751927821.5044935,2359699.113368988
52669,1751925461.805611,1751927812.4803193,batch_consumer-sts-0_20250707_223654_230735.csv,True,False,False,1751927821.5044935,2359698.8825798035
54859,1751925461.856413,1751927812.5027764,batch_consumer-sts-0_20250707_223654_230735.csv,True,False,False,1751927821.5044935,2359648.080587387
54869,1751925461.8566444,1751927812.5251725,batch_consumer-sts-0_20250707_223654_230735.csv,True,False,False,1751927821.5044935,2359647.849082947
54879,1751925461.856876,1751927812.5474534,batch_consumer-sts-0_20250707_223654_230735.csv,True,False,False,1751927821.5044935,2359647.6175785065
54889,1751925461.8571007,1751927812.5701382,batch_consumer-sts-0_20250707_223654_230735.csv,True,False,False,1751927821.5044935,2359647.3927497864
54899,1751925461.857324,1751927812.592709,batch_consumer-sts-0_20250707_223654_230735.csv,True,False,False,1751927821.5044935,2359647.1695899963
54909,1751925461.8575356,1751927812.6143312,batch_consumer-sts-0_20250707_223654_230735.csv,True,False,False,1751927821.5044935,2359646.957874298
54919,1751925461.8577185,1751927812.6362891,batch_consumer-sts-0_20250707_223654_230735.csv,True,False,False,1751927821.5044935,2359646.775007248
54929,1751925461.8579016,1751927812.6584923,batch_consumer-sts-0_20250707_223654_230735.csv,True,False,False,1751927821.5044935,2359646.591901779
54939,1751925461.8581018,1751927812.6804483,batch_consumer-sts-0_20250707_223654_230735.csv,True,False,False,1751927821.5044935,2359646.3916301727
54949,1751925461.8583522,1751927812.7025456,batch_consumer-sts-0_20250707_223654_230735.csv,True,False,False,1751927821.5044935,2359646.1412906647
54959,1751925461.858582,1751927812.7246284,batch_consumer-sts-0_20250707_223654_230735.csv,True,False,False,1751927821.5044935,2359645.9114551544
54969,1751925461.8588076,1751927812.7467766,batch_consumer-sts-0_20250707_223654_230735.csv,True,False,False,1751927821.5044935,2359645.6859111786
54979,1751925461.8590336,1751927812.7690794,batch_consumer-sts-0_20250707_223654_230735.csv,True,False,False,1751927821.5044935,2359645.4598903656
54989,1751925461.8592625,1751927812.7909994,batch_consumer-sts-0_20250707_223654_230735.csv,True,False,False,1751927821.5044935,2359645.2310085297
54999,1751925461.859503,1751927812.8123193,batch_consumer-sts-0_20250707_223654_230735.csv,True,False,False,1751927821.5044935,2359644.9904441833
55009,1751925461.8596818,1751927812.8399453,batch_consumer-sts-0_20250707_223654_230735.csv,True,False,False,1751927821.5044935,2359644.811630249
55019,1751925461.859858,1751927812.8623996,batch_consumer-sts-0_20250707_223654_230735.csv,True,False,False,1751927821.5044935,2359644.635438919
55029,1751925461.8600338,1751927812.884704,batch_consumer-sts-0_20250707_223654_230735.csv,True,False,False,1751927821.5044935,2359644.4597244263
55039,1751925461.8602133,1751927812.9062395,batch_consumer-sts-0_20250707_223654_230735.csv,True,False,False,1751927821.5044935,2359644.280195236
55049,1751925461.8603945,1751927812.928324,batch_consumer-sts-0_20250707_223654_230735.csv,True,False,False,1751927821.5044935,2359644.098997116
55059,1751925461.8605742,1751927812.9506316,batch_consumer-sts-0_20250707_223654_230735.csv,True,False,False,1751927821.5044935,2359643.9192295074
55069,1751925461.8607428,1751927812.9727647,batch_consumer-sts-0_20250707_223654_230735.csv,True,False,False,1751927821.5044935,2359643.750667572
55079,1751925461.8609254,1751927812.9951785,batch_consumer-sts-0_20250707_223654_230735.csv,True,False,False,1751927821.5044935,2359643.5680389404
55089,1751925461.8610995,1751927813.0163136,batch_consumer-sts-0_20250707_223654_230735.csv,True,False,False,1751927821.5044935,2359643.3939933777
55099,1751925461.8612745,1751927813.0386608,batch_consumer-sts-0_20250707_223654_230735.csv,True,False,False,1751927821.5044935,2359643.2189941406
55109,1751925461.8614497,1751927813.060516,batch_consumer-sts-0_20250707_223654_230735.csv,True,False,False,1751927821.5044935,2359643.043756485
55119,1751925461.8616235,1751927813.3635,batch_consumer-sts-0_20250707_223654_230735.csv,True,False,False,1751927821.5044935,2359642.869949341
55129,1751925461.8617988,1751927813.3857667,batch_consumer-sts-0_20250707_223654_230735.csv,True,False,False,1751927821.5044935,2359642.694711685
55139,1751925461.8619795,1751927813.407497,batch_consumer-sts-0_20250707_223654_230735.csv,True,False,False,1751927821.5044935,2359642.513990402
55149,1751925461.862158,1751927813.4296637,batch_consumer-sts-0_20250707_223654_230735.csv,True,False,False,1751927821.5044935,2359642.3354148865
55159,1751925461.862394,1751927813.4521964,batch_consumer-sts-0_20250707_223654_230735.csv,True,False,False,1751927821.5044935,2359642.099380493
55169,1751925461.8626184,1751927813.4747438,batch_consumer-sts-0_20250707_223654_230735.csv,True,False,False,1751927821.5044935,2359641.87502861
55179,1751925461.862851,1751927813.4973843,batch_consumer-sts-0_20250707_223654_230735.csv,True,False,False,1751927821.5044935,2359641.6425704956
55189,1751925461.8630822,1751927813.5187163,batch_consumer-sts-0_20250707_223654_230735.csv,True,False,False,1751927821.5044935,2359641.411304474
55199,1751925461.86331,1751927813.5411017,batch_consumer-sts-0_20250707_223654_230735.csv,True,False,False,1751927821.5044935,2359641.1833763123
55209,1751925461.863539,1751927813.5634055,batch_consumer-sts-0_20250707_223654_230735.csv,True,False,False,1751927821.5044935,2359640.9544944763
55219,1751925461.863765,1751927813.585991,batch_consumer-sts-0_20250707_223654_230735.csv,True,False,False,1751927821.5044935,2359640.7284736633
55229,1751925461.8639915,1751927813.6077783,batch_consumer-sts-0_20250707_223654_230735.csv,True,False,False,1751927821.5044935,2359640.501976013
55239,1751925461.8642232,1751927813.6302297,batch_consumer-sts-0_20250707_223654_230735.csv,True,False,False,1751927821.5044935,2359640.2702331543
55249,1751925461.8644493,1751927813.652526,batch_consumer-sts-0_20250707_223654_230735.csv,True,False,False,1751927821.5044935,2359640.0442123413
55259,1751925461.8646832,1751927813.6742074,batch_consumer-sts-0_20250707_223654_230735.csv,True,False,False,1751927821.5044935,2359639.810323715
55269,1751925461.8649037,1751927813.6961286,batch_consumer-sts-0_20250707_223654_230735.csv,True,False,False,1751927821.5044935,2359639.5897865295
55279,1751925461.8651423,1751927813.7176013,batch_consumer-sts-0_20250707_223654_230735.csv,True,False,False,1751927821.5044935,2359639.351129532
55289,1751925461.8653655,1751927813.7394838,batch_consumer-sts-0_20250707_223654_230735.csv,True,False,False,1751927821.5044935,2359639.127969742
55299,1751925461.8655996,1751927813.7615352,batch_consumer-sts-0_20250707_223654_230735.csv,True,False,False,1751927821.5044935,2359638.893842697
55309,1751925461.8658266,1751927813.7838972,batch_consumer-sts-0_20250707_223654_230735.csv,True,False,False,1751927821.5044935,2359638.66686821
55319,1751925461.8660493,1751927813.8062713,batch_consumer-sts-0_20250707_223654_230735.csv,True,False,False,1751927821.5044935,2359638.444185257
55329,1751925461.8662877,1751927813.8289073,batch_consumer-sts-0_20250707_223654_230735.csv,True,False,False,1751927821.5044935,2359638.205766678
66529,1751925462.118887,1751927813.850985,batch_consumer-sts-0_20250707_223654_230735.csv,True,False,False,1751927821.5044935,2359385.6065273285
66539,1751925462.1191216,1751927813.873042,batch_consumer-sts-0_20250707_223654_230735.csv,True,False,False,1751927821.5044935,2359385.3719234467
66549,1751925462.119349,1751927813.8951883,batch_consumer-sts-0_20250707_223654_230735.csv,True,False,False,1751927821.5044935,2359385.144472122
66559,1751925462.1195724,1751927813.916499,batch_consumer-sts-0_20250707_223654_230735.csv,True,False,False,1751927821.5044935,2359384.9210739136
66569,1751925462.1198037,1751927813.9381857,batch_consumer-sts-0_20250707_223654_230735.csv,True,False,False,1751927821.5044935,2359384.689807892
66579,1751925462.1200316,1751927813.9592078,batch_consumer-sts-0_20250707_223654_230735.csv,True,False,False,1751927821.5044935,2359384.46187973
66589,1751925462.120257,1751927813.9815342,batch_consumer-sts-0_20250707_223654_230735.csv,True,False,False,1751927821.5044935,2359384.236574173
66599,1751925462.120499,1751927814.003498,batch_consumer-sts-0_20250707_223654_230735.csv,True,False,False,1751927821.5044935,2359383.994579315
66609,1751925462.1207297,1751927814.025731,batch_consumer-sts-0_20250707_223654_230735.csv,True,False,False,1751927821.5044935,2359383.7637901306
66619,1751925462.1209602,1751927814.0483134,batch_consumer-sts-0_20250707_223654_230735.csv,True,False,False,1751927821.5044935,2359383.5332393646
66629,1751925462.12119,1751927814.0709293,batch_consumer-sts-0_20250707_223654_230735.csv,True,False,False,1751927821.5044935,2359383.3034038544
66639,1751925462.1214163,1751927814.0932631,batch_consumer-sts-0_20250707_223654_230735.csv,True,False,False,1751927821.5044935,2359383.077144623
66649,1751925462.121641,1751927814.1148224,batch_consumer-sts-0_20250707_223654_230735.csv,True,False,False,1751927821.5044935,2359382.8525543213
66659,1751925462.1218705,1751927814.1371872,batch_consumer-sts-0_20250707_223654_230735.csv,True,False,False,1751927821.5044935,2359382.6229572296
66669,1751925462.1220963,1751927814.15969,batch_consumer-sts-0_20250707_223654_230735.csv,True,False,False,1751927821.5044935,2359382.397174835
66679,1751925462.1223304,1751927814.1841044,batch_consumer-sts-0_20250707_223654_230735.csv,True,False,False,1751927821.5044935,2359382.1630477905
66689,1751925462.1225543,1751927814.2064807,batch_consumer-sts-0_20250707_223654_230735.csv,False,False,False,1751927821.5044935,2359381.9391727448
