index,topic,size_bytes,producer_timestamp,consumer_timestamp,consumer_delay_sec,application_timestamp,application_delay_sec
784552,synthetic_2,89,1750888850.522109,1751150744.337624,261893.81551504132,1751150745.5543406,1.2167165279388428
784562,synthetic_2,82,1750888850.522299,1751150744.337673,261893.81537389755,1751150745.5543406,1.216667652130127
784572,synthetic_2,90,1750888850.5224988,1751150744.3376822,261893.8151834011,1751150745.5543406,1.216658353805542
784582,synthetic_2,97,1750888850.5226655,1751150744.33769,261893.81502437592,1751150745.5543406,1.2166504859924316
784592,synthetic_2,95,1750888850.5228329,1751150744.3376975,261893.8148648739,1751150745.5543406,1.2166430950164795
784602,synthetic_2,82,1750888850.523043,1751150744.3377051,261893.8146624565,1751150745.5543406,1.2166354656219482
784612,synthetic_2,103,1750888850.5232384,1751150744.3377118,261893.81447339055,1751150745.5543406,1.2166287899017334
784622,synthetic_2,88,1750888850.5234234,1751150744.337734,261893.8143105507,1751150745.5543406,1.216606616973877
784632,synthetic_2,101,1750888850.523612,1751150744.3377411,261893.81412911412,1751150745.5543406,1.216599464416504
784642,synthetic_2,96,1750888850.5237684,1751150744.3377483,261893.8139798641,1751150745.5543406,1.2165923118591309
784652,synthetic_2,90,1750888850.5239654,1751150744.3377552,261893.8137898445,1751150745.5543406,1.216585397720337
784662,synthetic_2,97,1750888850.5241735,1751150744.3377616,261893.8135881424,1751150745.5543406,1.2165789604187012
784672,synthetic_2,102,1750888850.524342,1751150744.337768,261893.81342601776,1751150745.5543406,1.2165725231170654
784682,synthetic_2,88,1750888850.524589,1751150744.3377824,261893.81319332123,1751150745.5543406,1.2165582180023193
784692,synthetic_2,88,1750888850.524782,1751150744.3377888,261893.8130068779,1751150745.5543406,1.2165517807006836
784702,synthetic_2,95,1750888850.524968,1751150744.3377953,261893.8128271103,1751150745.5543406,1.2165453433990479
784712,synthetic_2,82,1750888850.5251474,1751150744.3378022,261893.8126547337,1751150745.5543406,1.216538429260254
784722,synthetic_2,103,1750888850.525314,1751150744.337809,261893.81249523163,1751150745.5543406,1.21653151512146
784732,synthetic_2,81,1750888850.5254867,1751150744.3378158,261893.81232905388,1751150745.5543406,1.2165248394012451
784742,synthetic_2,81,1750888850.52565,1751150744.337823,261893.8121726513,1751150745.5543406,1.216517686843872
784752,synthetic_2,104,1750888850.5258062,1751150744.3378294,261893.81202316284,1751150745.5543406,1.2165112495422363
784762,synthetic_2,88,1750888850.525964,1751150744.337836,261893.81187200543,1751150745.5543406,1.2165045738220215
784772,synthetic_2,82,1750888850.5261376,1751150744.3378427,261893.8117051125,1751150745.5543406,1.2164978981018066
784782,synthetic_2,95,1750888850.52631,1751150744.3378491,261893.81153917316,1751150745.5543406,1.216491460800171
784792,synthetic_2,89,1750888850.5264533,1751150744.3378558,261893.81140255928,1751150745.5543406,1.216484785079956
784802,synthetic_2,82,1750888850.5265913,1751150744.3378627,261893.81127142903,1751150745.5543406,1.216477870941162
784812,synthetic_2,81,1750888850.5267303,1751150744.3378766,261893.8111462593,1751150745.5543406,1.2164640426635742
784822,synthetic_2,90,1750888850.5268674,1751150744.3378837,261893.8110160828,1751150745.5543406,1.2164568901062012
784832,synthetic_2,82,1750888850.5270157,1751150744.33789,261893.81087446213,1751150745.5543406,1.2164506912231445
784842,synthetic_2,97,1750888850.5271645,1751150744.3379028,261893.81073832512,1751150745.5543406,1.216437816619873
784852,synthetic_2,104,1750888850.5273125,1751150744.3379097,261893.8105974197,1751150745.5543406,1.216430902481079
784862,synthetic_2,102,1750888850.5274577,1751150744.3379164,261893.81045866013,1751150745.5543406,1.2164242267608643
784872,synthetic_2,101,1750888850.527607,1751150744.3379235,261893.81031656265,1751150745.5543406,1.2164170742034912
784882,synthetic_2,90,1750888850.5277526,1751150744.337931,261893.81017827988,1751150745.5543406,1.216409683227539
784892,synthetic_2,104,1750888850.5278945,1751150744.3379376,261893.8100430965,1751150745.5543406,1.2164030075073242
784902,synthetic_2,81,1750888850.528036,1751150744.3379445,261893.80990815163,1751150745.5543406,1.2163960933685303
784912,synthetic_2,82,1750888850.5281749,1751150744.3379512,261893.80977630612,1751150745.5543406,1.2163894176483154
784922,synthetic_2,81,1750888850.5283177,1751150744.3379576,261893.80964016917,1751150745.5543406,1.2163829803466797
784932,synthetic_2,95,1750888850.5284688,1751150744.3379714,261893.8095026016,1751150745.5543406,1.2163691520690918
784942,synthetic_2,89,1750888850.621578,1751150744.3379784,261893.7164003849,1751150745.5543406,1.2163622379302979
786442,synthetic_2,82,1750888851.039553,1751150744.337985,261893.2984321117,1751150745.5543406,1.216355562210083
786452,synthetic_2,96,1750888851.0398328,1751150744.3379917,261893.29815888405,1751150745.5543406,1.2163488864898682
786462,synthetic_2,96,1750888851.0400808,1751150744.3379984,261893.29791760445,1751150745.5543406,1.2163422107696533
786472,synthetic_2,96,1750888851.040297,1751150744.338005,261893.2977080345,1751150745.5543406,1.2163355350494385
786482,synthetic_2,80,1750888851.11677,1751150744.3380115,261893.22124147412,1751150745.5543406,1.2163290977478027
786492,synthetic_2,89,1750888851.1174536,1751150744.3380177,261893.22056412697,1751150745.5543406,1.216322898864746
786502,synthetic_2,89,1750888851.1179872,1751150744.338024,261893.2200369835,1751150745.5543406,1.2163166999816895
786512,synthetic_2,101,1750888851.11859,1751150744.3380308,261893.21944069865,1751150745.5543406,1.2163097858428955
786522,synthetic_2,87,1750888851.1189938,1751150744.3380375,261893.2190437317,1751150745.5543406,1.2163031101226807
786532,synthetic_2,82,1750888851.119711,1751150744.3380442,261893.21833324432,1751150745.5543406,1.2162964344024658
786542,synthetic_2,95,1750888851.1201873,1751150744.3380578,261893.21787047383,1751150745.5543406,1.216282844543457
786552,synthetic_2,83,1750888851.1205204,1751150744.3380709,261893.21755051613,1751150745.5543406,1.2162697315216064
786562,synthetic_2,97,1750888851.120891,1751150744.3380775,261893.2171862125,1751150745.5543406,1.2162630558013916
786572,synthetic_2,82,1750888851.1212714,1751150744.3380847,261893.21681332588,1751150745.5543406,1.2162559032440186
786582,synthetic_2,89,1750888851.1215844,1751150744.338091,261893.2165064812,1751150745.5543406,1.216249704360962
786592,synthetic_2,103,1750888851.1218314,1751150744.338097,261893.2162659168,1751150745.5543406,1.2162435054779053
786602,synthetic_2,82,1750888851.122079,1751150744.338104,261893.21602535248,1751150745.5543406,1.2162365913391113
786612,synthetic_2,82,1750888851.122339,1751150744.3381104,261893.2157714367,1751150745.5543406,1.2162301540374756
786622,synthetic_2,104,1750888851.1225991,1751150744.338117,261893.2155177593,1751150745.5543406,1.2162237167358398
786632,synthetic_2,95,1750888851.122862,1751150744.3381236,261893.21526145932,1751150745.5543406,1.216217041015625
786642,synthetic_2,87,1750888851.1231236,1751150744.3381302,261893.2150065899,1751150745.5543406,1.2162103652954102
786652,synthetic_2,94,1750888851.1235154,1751150744.338137,261893.21462154388,1751150745.5543406,1.2162036895751953
786662,synthetic_2,90,1750888851.1238842,1751150744.3381436,261893.2142593861,1751150745.5543406,1.2161970138549805
786672,synthetic_2,85,1750888851.21803,1751150744.3381498,261893.1201198101,1751150745.5543406,1.2161908149719238
786682,synthetic_2,102,1750888851.218208,1751150744.3381634,261893.11995530128,1751150745.5543406,1.216177225112915
786692,synthetic_2,82,1750888851.2183752,1751150744.3381708,261893.11979556084,1751150745.5543406,1.216169834136963
786702,synthetic_2,103,1750888851.2185416,1751150744.3381782,261893.11963653564,1751150745.5543406,1.2161624431610107
786712,synthetic_2,82,1750888851.218716,1751150744.3381844,261893.11946845052,1751150745.5543406,1.216156244277954
786722,synthetic_2,82,1750888851.2188768,1751150744.3381908,261893.1193139553,1751150745.5543406,1.2161498069763184
786732,synthetic_2,81,1750888851.219282,1751150744.3381972,261893.11891531944,1751150745.5543406,1.2161433696746826
786742,synthetic_2,97,1750888851.21989,1751150744.3382037,261893.11831378937,1751150745.5543406,1.2161369323730469
786752,synthetic_2,96,1750888851.2200575,1751150744.33821,261893.1181526184,1751150745.5543406,1.2161304950714111
786762,synthetic_2,102,1750888851.2202303,1751150744.338224,261893.1179935932,1751150745.5543406,1.2161166667938232
786772,synthetic_2,94,1750888851.22067,1751150744.3382308,261893.1175608635,1751150745.5543406,1.2161097526550293
786782,synthetic_2,90,1750888851.2209024,1751150744.3382373,261893.11733484268,1751150745.5543406,1.2161033153533936
786792,synthetic_2,95,1750888851.2211852,1751150744.3382432,261893.1170580387,1751150745.5543406,1.216097354888916
786802,synthetic_2,103,1750888851.221457,1751150744.33825,261893.11679291725,1751150745.5543406,1.2160906791687012
786812,synthetic_2,88,1750888851.2217257,1751150744.3382638,261893.1165382862,1751150745.5543406,1.2160768508911133
786822,synthetic_2,88,1750888851.221984,1751150744.3382704,261893.1162865162,1751150745.5543406,1.2160701751708984
786832,synthetic_2,89,1750888851.2221878,1751150744.338277,261893.11608958244,1751150745.5543406,1.2160634994506836
786842,synthetic_2,94,1750888851.222374,1751150744.3382838,261893.11590981483,1751150745.5543406,1.2160568237304688
786852,synthetic_2,82,1750888851.222552,1751150744.3382907,261893.1157386303,1751150745.5543406,1.2160499095916748
786862,synthetic_2,82,1750888851.2229393,1751150744.338297,261893.1153576374,1751150745.5543406,1.2160437107086182
786872,synthetic_2,83,1750888851.2231429,1751150744.338303,261893.11516046524,1751150745.5543406,1.2160375118255615
786882,synthetic_2,88,1750888851.2233524,1751150744.3383095,261893.1149570942,1751150745.5543406,1.2160310745239258
786892,synthetic_2,96,1750888851.2235377,1751150744.338316,261893.11477828023,1751150745.5543406,1.21602463722229
786902,synthetic_2,90,1750888851.2237315,1751150744.3383224,261893.11459088328,1751150745.5543406,1.2160181999206543
786912,synthetic_2,96,1750888851.223893,1751150744.338329,261893.1144361496,1751150745.5543406,1.2160115242004395
786922,synthetic_2,100,1750888851.2240825,1751150744.3383355,261893.11425304413,1751150745.5543406,1.2160050868988037
781952,synthetic_2,97,1750888851.3215537,1751150744.3383424,261893.0167889595,1751150745.5543406,1.2159981727600098
781962,synthetic_2,102,1750888851.3220274,1751150744.3383558,261893.0163283348,1751150745.5543406,1.21598482131958
781972,synthetic_2,82,1750888851.322685,1751150744.3383627,261893.0156776905,1751150745.5543406,1.2159779071807861
781982,synthetic_2,97,1750888851.3231592,1751150744.3383694,261893.01521015167,1751150745.5543406,1.2159712314605713
781992,synthetic_2,82,1750888851.3235676,1751150744.338376,261893.0148084164,1751150745.5543406,1.2159645557403564
782002,synthetic_2,97,1750888851.3239076,1751150744.3383892,261893.0144815445,1751150745.5543406,1.2159514427185059
782012,synthetic_2,82,1750888851.3243852,1751150744.3383958,261893.0140106678,1751150745.5543406,1.215944766998291
786932,synthetic_2,83,1750888851.2242813,1751150744.3384025,261893.11412096024,1751150745.5543406,1.2159380912780762
782022,synthetic_2,89,1750888851.3248165,1751150744.3384087,261893.0135922432,1751150745.5543406,1.2159318923950195
782032,synthetic_2,88,1750888851.3252769,1751150744.338415,261893.0131380558,1751150745.5543406,1.215925693511963
782042,synthetic_2,82,1750888851.3256922,1751150744.338421,261893.01272916797,1751150745.5543406,1.2159194946289062
782052,synthetic_2,90,1750888851.3261342,1751150744.3384275,261893.0122933388,1751150745.5543406,1.2159130573272705
782062,synthetic_2,90,1750888851.3266008,1751150744.338434,261893.0118331909,1751150745.5543406,1.2159066200256348
782072,synthetic_2,90,1750888851.3270354,1751150744.3384476,261893.0114121437,1751150745.5543406,1.215893030166626
782082,synthetic_2,83,1750888851.3273764,1751150744.3384545,261893.01107811928,1751150745.5543406,1.215886116027832
782092,synthetic_2,89,1750888851.3276358,1751150744.3384607,261893.01082491875,1751150745.5543406,1.2158799171447754
782102,synthetic_2,90,1750888851.3278787,1751150744.3384674,261893.01058864596,1751150745.5543406,1.2158732414245605
782112,synthetic_2,88,1750888851.3281004,1751150744.3384736,261893.01037311557,1751150745.5543406,1.215867042541504
782122,synthetic_2,96,1750888851.328342,1751150744.3384798,261893.0101377964,1751150745.5543406,1.2158608436584473
782132,synthetic_2,89,1750888851.4185312,1751150744.3384864,261892.9199552536,1751150745.5543406,1.2158541679382324
782142,synthetic_2,89,1750888851.418987,1751150744.338493,261892.919506073,1751150745.5543406,1.2158474922180176
782152,synthetic_2,88,1750888851.4193962,1751150744.3384993,261892.9191031456,1751150745.5543406,1.215841293334961
782162,synthetic_2,90,1750888851.4201722,1751150744.338506,261892.91833376884,1751150745.5543406,1.215834617614746
782172,synthetic_2,82,1750888851.4206464,1751150744.3385124,261892.9178659916,1751150745.5543406,1.2158281803131104
782182,synthetic_2,103,1750888851.4210522,1751150744.338519,261892.9174668789,1751150745.5543406,1.2158215045928955
782192,synthetic_2,90,1750888851.4215012,1751150744.3385258,261892.91702461243,1751150745.5543406,1.2158148288726807
782202,synthetic_2,80,1750888851.4219332,1751150744.3385396,261892.91660642624,1751150745.5543406,1.2158010005950928
782212,synthetic_2,102,1750888851.4223063,1751150744.3385527,261892.91624641416,1751150745.5543406,1.2157878875732422
782222,synthetic_2,97,1750888851.4228995,1751150744.33856,261892.9156603813,1751150745.5543406,1.21578049659729
782232,synthetic_2,82,1750888851.4232469,1751150744.3385663,261892.91531944275,1751150745.5543406,1.2157742977142334
782242,synthetic_2,82,1750888851.423596,1751150744.3385727,261892.91497659683,1751150745.5543406,1.2157678604125977
782252,synthetic_2,83,1750888851.4239202,1751150744.338579,261892.91465878487,1751150745.5543406,1.215761661529541
782262,synthetic_2,94,1750888851.424272,1751150744.3385851,261892.91431307796,1751150745.5543406,1.2157554626464844
782272,synthetic_2,104,1750888851.4246006,1751150744.3385916,261892.91399097443,1751150745.5543406,1.2157490253448486
782282,synthetic_2,104,1750888851.4248557,1751150744.3385985,261892.91374254227,1751150745.5543406,1.2157421112060547
782292,synthetic_2,100,1750888851.42517,1751150744.3386047,261892.91343474388,1751150745.5543406,1.215735912322998
782302,synthetic_2,82,1750888851.425411,1751150744.338611,261892.9131999016,1751150745.5543406,1.2157297134399414
782312,synthetic_2,82,1750888851.4256446,1751150744.338617,261892.91297245023,1751150745.5543406,1.2157235145568848
782322,synthetic_2,81,1750888851.4258833,1751150744.3386235,261892.91274023056,1751150745.5543406,1.215717077255249
782332,synthetic_2,90,1750888851.4261274,1751150744.3386388,261892.91251134872,1751150745.5543406,1.2157018184661865
782342,synthetic_2,87,1750888851.426365,1751150744.3386457,261892.9122810364,1751150745.5543406,1.2156949043273926
782352,synthetic_2,101,1750888851.426584,1751150744.338652,261892.9120681286,1751150745.5543406,1.215688705444336
782362,synthetic_2,89,1750888851.4268153,1751150744.3386588,261892.91184353828,1751150745.5543406,1.215681791305542
782372,synthetic_2,82,1750888851.4270597,1751150744.3386652,261892.9116055965,1751150745.5543406,1.2156753540039062
782382,synthetic_2,95,1750888851.4273038,1751150744.3386717,261892.9113678932,1751150745.5543406,1.2156689167022705
782392,synthetic_2,96,1750888851.427555,1751150744.3386784,261892.9111230373,1751150745.5543406,1.2156622409820557
782402,synthetic_2,83,1750888851.4277954,1751150744.3386846,261892.9108891487,1751150745.5543406,1.215656042098999
782412,synthetic_2,96,1750888851.428019,1751150744.3386908,261892.91067171097,1751150745.5543406,1.2156498432159424
782422,synthetic_2,81,1750888851.428239,1751150744.3386974,261892.91045832637,1751150745.5543406,1.2156431674957275
782432,synthetic_2,102,1750888851.516567,1751150744.3387113,261892.82214426997,1751150745.5543406,1.2156293392181396
782442,synthetic_2,82,1750888851.5177429,1751150744.338718,261892.82097506523,1751150745.5543406,1.2156226634979248
782452,synthetic_2,90,1750888851.5183856,1751150744.3387244,261892.82033872604,1751150745.5543406,1.215616226196289
782462,synthetic_2,100,1750888851.5188448,1751150744.3387375,261892.81989264488,1751150745.5543406,1.2156031131744385
782472,synthetic_2,103,1750888851.5194323,1751150744.3387444,261892.81931209564,1751150745.5543406,1.2155961990356445
782482,synthetic_2,103,1750888851.5200236,1751150744.338751,261892.8187274933,1751150745.5543406,1.2155895233154297
782492,synthetic_2,94,1750888851.5207,1751150744.3387575,261892.81805753708,1751150745.5543406,1.215583086013794
782502,synthetic_2,87,1750888851.5211933,1751150744.338764,261892.81757068637,1751150745.5543406,1.2155766487121582
784352,synthetic_2,96,1750888852.1220915,1751150744.3387706,261892.21667909625,1751150745.5543406,1.2155699729919434
784362,synthetic_2,81,1750888852.122278,1751150744.338777,261892.2164990902,1751150745.5543406,1.2155635356903076
784372,synthetic_2,95,1750888852.1224897,1751150744.3387835,261892.2162938118,1751150745.5543406,1.2155570983886719
784382,synthetic_2,101,1750888852.122677,1751150744.3387904,261892.21611332893,1751150745.5543406,1.215550184249878
784392,synthetic_2,81,1750888852.122858,1751150744.338797,261892.21593928337,1751150745.5543406,1.215543508529663
784402,synthetic_2,97,1750888852.1230476,1751150744.3388035,261892.21575593948,1751150745.5543406,1.2155370712280273
784412,synthetic_2,88,1750888852.1232393,1751150744.33881,261892.21557068825,1751150745.5543406,1.2155306339263916
784422,synthetic_2,81,1750888852.123428,1751150744.3388164,261892.21538829803,1751150745.5543406,1.2155241966247559
784432,synthetic_2,102,1750888852.1236205,1751150744.33883,261892.2152094841,1751150745.5543406,1.215510606765747
784442,synthetic_2,103,1750888852.1238182,1751150744.338837,261892.2150185108,1751150745.5543406,1.2155036926269531
784452,synthetic_2,79,1750888852.124005,1751150744.338843,261892.2148382664,1751150745.5543406,1.2154974937438965
784462,synthetic_2,96,1750888852.1241992,1751150744.33885,261892.21465086937,1751150745.5543406,1.2154905796051025
784472,synthetic_2,87,1750888852.1243792,1751150744.3388565,261892.21447730064,1751150745.5543406,1.2154841423034668
784482,synthetic_2,83,1750888852.1245637,1751150744.3388696,261892.2143061161,1751150745.5543406,1.2154710292816162
784492,synthetic_2,103,1750888852.1247258,1751150744.338876,261892.21415019035,1751150745.5543406,1.2154645919799805
784502,synthetic_2,83,1750888852.1248803,1751150744.338883,261892.21400260925,1751150745.5543406,1.2154576778411865
784512,synthetic_2,90,1750888852.1250322,1751150744.3388894,261892.21385717392,1751150745.5543406,1.2154512405395508
784522,synthetic_2,101,1750888852.12525,1751150744.3388956,261892.21364569664,1751150745.5543406,1.2154450416564941
784532,synthetic_2,82,1750888852.1254544,1751150744.3389022,261892.2134478092,1751150745.5543406,1.2154383659362793
784542,synthetic_2,102,1750888852.1256647,1751150744.338909,261892.21324396133,1751150745.5543406,1.2154316902160645
784552,synthetic_2,88,1750888852.125812,1751150744.3389225,261892.2131102085,1751150745.5543406,1.2154181003570557
784562,synthetic_2,83,1750888852.1259594,1751150744.338929,261892.21296954155,1751150745.5543406,1.21541166305542
784572,synthetic_2,103,1750888852.1261158,1751150744.3389354,261892.21281957623,1751150745.5543406,1.2154052257537842
784582,synthetic_2,90,1750888852.1262677,1751150744.338942,261892.21267437932,1751150745.5543406,1.2153985500335693
784592,synthetic_2,82,1750888852.126415,1751150744.3389487,261892.2125337124,1751150745.5543406,1.2153918743133545
784602,synthetic_2,82,1750888852.126575,1751150744.3389547,261892.212379694,1751150745.5543406,1.215385913848877
784612,synthetic_2,82,1750888852.1267304,1751150744.3389611,261892.2122306824,1751150745.5543406,1.2153794765472412
784622,synthetic_2,96,1750888852.126893,1751150744.3389678,261892.21207475665,1751150745.5543406,1.2153728008270264
784632,synthetic_2,96,1750888852.1270554,1751150744.3389742,261892.21191883087,1751150745.5543406,1.2153663635253906
784642,synthetic_2,90,1750888852.1272142,1751150744.338981,261892.2117664814,1751150745.5543406,1.2153596878051758
784652,synthetic_2,90,1750888852.1273785,1751150744.338987,261892.2116086483,1751150745.5543406,1.2153534889221191
784662,synthetic_2,102,1750888852.127546,1751150744.338993,261892.2114470005,1751150745.5543406,1.2153475284576416
784672,synthetic_2,102,1750888852.1277046,1751150744.3389995,261892.21129488945,1751150745.5543406,1.2153410911560059
784682,synthetic_2,89,1750888852.1279194,1751150744.3390138,261892.21109437945,1751150745.5543406,1.2153267860412598
784692,synthetic_2,102,1750888852.128142,1751150744.3390205,261892.2108786106,1751150745.5543406,1.215320110321045
784702,synthetic_2,104,1750888852.1283574,1751150744.3390338,261892.21067643168,1751150745.5543406,1.2153067588806152
784712,synthetic_2,102,1750888852.2191305,1751150744.3390405,261892.11991000173,1751150745.5543406,1.2153000831604004
784722,synthetic_2,81,1750888852.219458,1751150744.3390472,261892.11958909035,1751150745.5543406,1.2152934074401855
784732,synthetic_2,97,1750888852.2197316,1751150744.3390534,261892.11932182312,1751150745.5543406,1.215287208557129
784742,synthetic_2,94,1750888852.219984,1751150744.33906,261892.1190760136,1751150745.5543406,1.215280532836914
784752,synthetic_2,81,1750888852.2203152,1751150744.3390665,261892.11875128743,1751150745.5543406,1.2152740955352783
784762,synthetic_2,96,1750888852.3206024,1751150744.3390732,261892.01847076416,1751150745.5543406,1.2152674198150635
784772,synthetic_2,90,1750888852.3208194,1751150744.3390796,261892.01826024053,1751150745.5543406,1.2152609825134277
784782,synthetic_2,96,1750888852.3210328,1751150744.3390863,261892.01805353165,1751150745.5543406,1.215254306793213
784792,synthetic_2,82,1750888852.321309,1751150744.3390927,261892.01778364184,1751150745.5543406,1.2152478694915771
784802,synthetic_2,82,1750888852.3217585,1751150744.3390992,261892.0173406601,1751150745.5543406,1.2152414321899414
784812,synthetic_2,83,1750888852.3219385,1751150744.339112,261892.01717352867,1751150745.5543406,1.21522855758667
787292,synthetic_2,104,1750888853.2310193,1751150744.3391185,261891.10809922215,1751150745.5543406,1.2152221202850342
787302,synthetic_2,95,1750888853.231247,1751150744.3391252,261891.10787820816,1751150745.5543406,1.2152154445648193
787312,synthetic_2,82,1750888853.231458,1751150744.339132,261891.10767412183,1751150745.5543406,1.2152085304260254
787322,synthetic_2,90,1750888853.2316685,1751150744.3391385,261891.10746979716,1751150745.5543406,1.2152020931243896
787332,synthetic_2,83,1750888853.2318852,1751150744.3391447,261891.10725951195,1751150745.5543406,1.215195894241333
787342,synthetic_2,90,1750888853.232097,1751150744.3391516,261891.1070549488,1751150745.5543406,1.215188980102539
787352,synthetic_2,83,1750888853.2323012,1751150744.339158,261891.10685682297,1751150745.5543406,1.2151825428009033
787362,synthetic_2,89,1750888853.3168492,1751150744.3391645,261891.02231526372,1751150745.5543406,1.2151761054992676
787372,synthetic_2,96,1750888853.317099,1751150744.3391712,261891.0220718384,1751150745.5543406,1.2151694297790527
787382,synthetic_2,82,1750888853.3190672,1751150744.3391774,261891.0201101303,1751150745.5543406,1.215163230895996
787392,synthetic_2,82,1750888853.319517,1751150744.3391907,261891.01967406276,1751150745.5543406,1.2151498794555664
787402,synthetic_2,87,1750888853.31974,1751150744.3391972,261891.01945710185,1751150745.5543406,1.2151434421539307
787412,synthetic_2,103,1750888853.319951,1751150744.3392105,261891.0192592144,1751150745.5543406,1.215130090713501
787422,synthetic_2,93,1750888853.320162,1751150744.3392172,261891.0190551281,1751150745.5543406,1.2151234149932861
787432,synthetic_2,97,1750888853.320371,1751150744.339224,261891.0188531876,1751150745.5543406,1.2151165008544922
787442,synthetic_2,102,1750888853.320617,1751150744.3392303,261891.01861333847,1751150745.5543406,1.2151103019714355
787452,synthetic_2,83,1750888853.3208244,1751150744.3392372,261891.01841282845,1751150745.5543406,1.2151033878326416
787462,synthetic_2,103,1750888853.3210404,1751150744.3392434,261891.0182030201,1751150745.5543406,1.215097188949585
787472,synthetic_2,97,1750888853.321309,1751150744.3392503,261891.01794099808,1751150745.5543406,1.215090274810791
787482,synthetic_2,102,1750888853.3215156,1751150744.3392563,261891.0177409649,1751150745.5543406,1.2150843143463135
787492,synthetic_2,96,1750888853.321731,1751150744.3392634,261891.01753234863,1751150745.5543406,1.2150771617889404
787502,synthetic_2,83,1750888853.3219492,1751150744.33927,261891.0173206329,1751150745.5543406,1.2150704860687256
787512,synthetic_2,102,1750888853.3221676,1751150744.3392768,261891.01710915563,1751150745.5543406,1.2150638103485107
787522,synthetic_2,97,1750888853.3223846,1751150744.3392837,261891.01689887047,1751150745.5543406,1.2150568962097168
787532,synthetic_2,104,1750888853.3226058,1751150744.33929,261891.01668405533,1751150745.5543406,1.2150506973266602
787542,synthetic_2,90,1750888853.3228254,1751150744.3393035,261891.0164783001,1751150745.5543406,1.2150371074676514
787552,synthetic_2,102,1750888853.323043,1751150744.3393106,261891.01626729965,1751150745.5543406,1.2150299549102783
787562,synthetic_2,101,1750888853.3232577,1751150744.339317,261891.01605939865,1751150745.5543406,1.2150235176086426
787572,synthetic_2,102,1750888853.3234687,1751150744.339324,261891.01585531235,1751150745.5543406,1.2150166034698486
787582,synthetic_2,89,1750888853.323691,1751150744.339331,261891.01563978195,1751150745.5543406,1.2150096893310547
787592,synthetic_2,90,1750888853.3238945,1751150744.3393369,261891.01544237137,1751150745.5543406,1.2150037288665771
787602,synthetic_2,81,1750888853.3241143,1751150744.33935,261891.0152356625,1751150745.5543406,1.2149906158447266
787612,synthetic_2,97,1750888853.3243256,1751150744.339357,261891.0150310993,1751150745.5543406,1.2149837017059326
787622,synthetic_2,103,1750888853.3245904,1751150744.3393636,261891.0147731304,1751150745.5543406,1.2149770259857178
787632,synthetic_2,92,1750888853.325,1751150744.3393705,261891.01437044144,1751150745.5543406,1.2149701118469238
787642,synthetic_2,93,1750888853.3252096,1751150744.3393767,261891.0141670704,1751150745.5543406,1.2149639129638672
787652,synthetic_2,89,1750888853.3254316,1751150744.3393836,261891.01395201683,1751150745.5543406,1.2149569988250732
787662,synthetic_2,87,1750888853.3256416,1751150744.3393967,261891.01375508308,1751150745.5543406,1.2149438858032227
787672,synthetic_2,82,1750888853.325864,1751150744.3394032,261891.01353907585,1751150745.5543406,1.214937448501587
787682,synthetic_2,82,1750888853.3260932,1751150744.3394094,261891.01331615448,1751150745.5543406,1.2149312496185303
787692,synthetic_2,96,1750888853.3263028,1751150744.339416,261891.01311326027,1751150745.5543406,1.2149245738983154
787702,synthetic_2,96,1750888853.3265328,1751150744.3394225,261891.01288962364,1751150745.5543406,1.2149181365966797
787712,synthetic_2,90,1750888853.3267686,1751150744.339429,261891.01266026497,1751150745.5543406,1.214911699295044
787722,synthetic_2,88,1750888853.3269815,1751150744.339435,261891.01245379448,1751150745.5543406,1.2149055004119873
787732,synthetic_2,81,1750888853.3271978,1751150744.3394418,261891.01224398613,1751150745.5543406,1.2148988246917725
787742,synthetic_2,101,1750888853.3274257,1751150744.3394482,261891.01202249527,1751150745.5543406,1.2148923873901367
787752,synthetic_2,95,1750888853.327677,1751150744.339455,261891.0117778778,1751150745.5543406,1.2148857116699219
787762,synthetic_2,96,1750888853.3279216,1751150744.3394616,261891.01153993607,1751150745.5543406,1.214879035949707
787772,synthetic_2,81,1750888853.328695,1751150744.339468,261891.0107729435,1751150745.5543406,1.2148725986480713
787782,synthetic_2,90,1750888853.3290415,1751150744.3394744,261891.0104329586,1751150745.5543406,1.2148661613464355
787792,synthetic_2,82,1750888853.329397,1751150744.3394878,261891.01009082797,1751150745.5543406,1.2148528099060059
787802,synthetic_2,97,1750888853.3297422,1751150744.3394945,261891.0097522736,1751150745.5543406,1.214846134185791
787812,synthetic_2,89,1750888853.3301206,1751150744.339501,261891.00938034055,1751150745.5543406,1.2148396968841553
787822,synthetic_2,90,1750888853.3305204,1751150744.3395169,261891.00899648663,1751150745.5543406,1.2148237228393555
787832,synthetic_2,83,1750888853.3311162,1751150744.3395238,261891.0084075928,1751150745.5543406,1.2148168087005615
787842,synthetic_2,102,1750888853.3314936,1751150744.3395302,261891.00803661344,1751150745.5543406,1.2148103713989258
787852,synthetic_2,90,1750888853.3318946,1751150744.339537,261891.00764226916,1751150745.5543406,1.214803695678711
787862,synthetic_2,88,1750888853.332288,1751150744.3395436,261891.0072555542,1751150745.5543406,1.214797019958496
787872,synthetic_2,92,1750888853.332715,1751150744.33955,261891.00683498383,1751150745.5543406,1.2147905826568604
787882,synthetic_2,100,1750888853.3330655,1751150744.3395567,261891.00649094585,1751150745.5543406,1.2147839069366455
787892,synthetic_2,95,1750888853.3334124,1751150744.3395634,261891.0061509609,1751150745.5543406,1.2147772312164307
787902,synthetic_2,103,1750888853.3337462,1751150744.3395703,261891.00582408905,1751150745.5543406,1.2147703170776367
787912,synthetic_2,103,1750888853.3340564,1751150744.3395774,261891.00552105904,1751150745.5543406,1.2147631645202637
787922,synthetic_2,89,1750888853.334399,1751150744.3395913,261891.00519227984,1751150745.5543406,1.2147493362426758
787932,synthetic_2,89,1750888853.334731,1751150744.3395982,261891.00486683848,1751150745.5543406,1.2147424221038818
787942,synthetic_2,89,1750888853.3350394,1751150744.339605,261891.0045657158,1751150745.5543406,1.214735507965088
787952,synthetic_2,87,1750888853.335394,1751150744.3396115,261891.00421762464,1751150745.5543406,1.2147290706634521
787962,synthetic_2,92,1750888853.3357084,1751150744.339618,261891.00390958783,1751150745.5543406,1.2147226333618164
787972,synthetic_2,90,1750888853.3360002,1751150744.3396246,261891.00362443924,1751150745.5543406,1.2147159576416016
787982,synthetic_2,89,1750888853.3363252,1751150744.3396313,261891.00330615044,1751150745.5543406,1.2147092819213867
787992,synthetic_2,83,1750888853.4227204,1751150744.3396378,261890.91691732407,1751150745.5543406,1.214702844619751
788002,synthetic_2,87,1750888853.422992,1751150744.3396442,261890.9166522026,1751150745.5543406,1.2146964073181152
788012,synthetic_2,88,1750888853.423234,1751150744.3396506,261890.91641664505,1751150745.5543406,1.2146899700164795
788022,synthetic_2,101,1750888853.423515,1751150744.3396573,261890.91614222527,1751150745.5543406,1.2146832942962646
788032,synthetic_2,103,1750888853.423777,1751150744.339664,261890.91588664052,1751150745.5543406,1.2146766185760498
788042,synthetic_2,95,1750888853.424039,1751150744.339678,261890.9156391621,1751150745.5543406,1.2146625518798828
788052,synthetic_2,102,1750888853.4242957,1751150744.339692,261890.91539645195,1751150745.5543406,1.2146484851837158
788062,synthetic_2,97,1750888853.4245706,1751150744.339699,261890.91512846947,1751150745.5543406,1.2146415710449219
788072,synthetic_2,96,1750888853.424821,1751150744.3397057,261890.9148850441,1751150745.5543406,1.214634895324707
788082,synthetic_2,103,1750888853.4250808,1751150744.339712,261890.91463136676,1751150745.5543406,1.2146286964416504
788092,synthetic_2,97,1750888853.4253356,1751150744.3397188,261890.914383173,1751150745.5543406,1.2146217823028564
788102,synthetic_2,82,1750888853.4255888,1751150744.3397253,261890.91413640976,1751150745.5543406,1.2146153450012207
788112,synthetic_2,90,1750888853.4258685,1751150744.339732,261890.9138634205,1751150745.5543406,1.2146086692810059
788122,synthetic_2,96,1750888853.4261117,1751150744.3397384,261890.91362667084,1751150745.5543406,1.2146022319793701
788132,synthetic_2,89,1750888853.4263968,1751150744.339745,261890.91334819797,1751150745.5543406,1.2145955562591553
788142,synthetic_2,89,1750888853.4266355,1751150744.3397524,261890.9131166935,1751150745.5543406,1.2145881652832031
788152,synthetic_2,88,1750888853.4269035,1751150744.3397603,261890.91285681725,1751150745.5543406,1.2145802974700928
788162,synthetic_2,82,1750888853.4271374,1751150744.339767,261890.91262960437,1751150745.5543406,1.214573621749878
788172,synthetic_2,89,1750888853.4273844,1751150744.3397732,261890.9123888016,1751150745.5543406,1.2145674228668213
788182,synthetic_2,93,1750888853.4276211,1751150744.3397868,261890.91216564176,1751150745.5543406,1.2145538330078125
788192,synthetic_2,87,1750888853.427865,1751150744.3397934,261890.9119284153,1751150745.5543406,1.2145471572875977
788202,synthetic_2,82,1750888853.428085,1751150744.3398,261890.91171479225,1751150745.5543406,1.214540719985962
788212,synthetic_2,102,1750888853.428327,1751150744.3398058,261890.91147851944,1751150745.5543406,1.2145347595214844
788222,synthetic_2,82,1750888853.520068,1751150744.3398125,261890.81974458692,1751150745.5543406,1.2145280838012695
788232,synthetic_2,83,1750888853.5205927,1751150744.3398187,261890.8192260265,1751150745.5543406,1.214521884918213
788242,synthetic_2,88,1750888853.5209546,1751150744.3398252,261890.81887054443,1751150745.5543406,1.2145154476165771
788252,synthetic_2,97,1750888853.5212646,1751150744.339839,261890.81857442856,1751150745.5543406,1.2145016193389893
788262,synthetic_2,88,1750888853.521582,1751150744.3398454,261890.8182632923,1751150745.5543406,1.2144951820373535
788272,synthetic_2,89,1750888853.5218458,1751150744.339852,261890.81800627708,1751150745.5543406,1.2144885063171387
788282,synthetic_2,87,1750888853.522145,1751150744.3398583,261890.81771349907,1751150745.5543406,1.214482307434082
788292,synthetic_2,103,1750888853.5224147,1751150744.339865,261890.81745028496,1751150745.5543406,1.2144756317138672
788302,synthetic_2,90,1750888853.5226958,1751150744.3398778,261890.8171820641,1751150745.5543406,1.2144627571105957
788312,synthetic_2,100,1750888853.523016,1751150744.3398843,261890.8168685436,1751150745.5543406,1.21445631980896
788322,synthetic_2,96,1750888853.5233085,1751150744.3398914,261890.8165831566,1751150745.5543406,1.214449167251587
788332,synthetic_2,83,1750888853.5236423,1751150744.3398983,261890.81625580788,1751150745.5543406,1.214442253112793
788342,synthetic_2,102,1750888853.5239985,1751150744.3399048,261890.81590652463,1751150745.5543406,1.2144358158111572
788352,synthetic_2,96,1750888853.5243158,1751150744.3399117,261890.81559562683,1751150745.5543406,1.2144289016723633
788362,synthetic_2,82,1750888853.5246372,1751150744.339918,261890.8152809143,1751150745.5543406,1.2144227027893066
788372,synthetic_2,95,1750888853.5249991,1751150744.3399248,261890.81492567065,1751150745.5543406,1.2144157886505127
788382,synthetic_2,103,1750888853.5253108,1751150744.3399312,261890.81462049484,1751150745.5543406,1.214409351348877
788392,synthetic_2,87,1750888853.52562,1751150744.3399382,261890.81431818008,1751150745.5543406,1.214402437210083
788402,synthetic_2,88,1750888853.525936,1751150744.339944,261890.81400823596,1751150745.5543406,1.2143967151641846
788412,synthetic_2,95,1750888853.526311,1751150744.3399508,261890.81363987923,1751150745.5543406,1.2143898010253906
788422,synthetic_2,97,1750888853.5267532,1751150744.339957,261890.81320381165,1751150745.5543406,1.214383602142334
788432,synthetic_2,102,1750888853.6185803,1751150744.3399706,261890.72139024732,1751150745.5543406,1.2143700122833252
788442,synthetic_2,104,1750888853.6189246,1751150744.3399775,261890.72105288503,1751150745.5543406,1.2143630981445312
788452,synthetic_2,103,1750888853.6192694,1751150744.3399844,261890.72071504596,1751150745.5543406,1.2143561840057373
788462,synthetic_2,94,1750888853.619654,1751150744.3399909,261890.7203369141,1751150745.5543406,1.2143497467041016
788472,synthetic_2,88,1750888853.620023,1751150744.3400042,261890.71998119357,1751150745.5543406,1.2143363952636719
788482,synthetic_2,87,1750888853.6203866,1751150744.3400106,261890.7196240425,1751150745.5543406,1.2143299579620361
788492,synthetic_2,86,1750888853.6208072,1751150744.3400173,261890.71921014783,1751150745.5543406,1.2143232822418213
788502,synthetic_2,83,1750888853.6211782,1751150744.3400238,261890.71884560585,1751150745.5543406,1.2143168449401855
788512,synthetic_2,96,1750888853.621549,1751150744.34003,261890.71848130223,1751150745.5543406,1.214310646057129
788522,synthetic_2,90,1750888853.6218274,1751150744.3400364,261890.71820902824,1751150745.5543406,1.2143042087554932
788532,synthetic_2,103,1750888853.6221735,1751150744.3400428,261890.71786928177,1751150745.5543406,1.2142977714538574
788542,synthetic_2,88,1750888853.6225803,1751150744.3400493,261890.71746873856,1751150745.5543406,1.2142913341522217
788552,synthetic_2,103,1750888853.6229346,1751150744.3400557,261890.71712088585,1751150745.5543406,1.214284896850586
788562,synthetic_2,89,1750888853.6233385,1751150744.3400688,261890.71673035625,1751150745.5543406,1.2142717838287354
788572,synthetic_2,95,1750888853.623696,1751150744.3400755,261890.71637940407,1751150745.5543406,1.2142651081085205
788582,synthetic_2,89,1750888853.6240804,1751150744.340082,261890.71600151065,1751150745.5543406,1.2142586708068848
788592,synthetic_2,103,1750888853.6243982,1751150744.3400886,261890.7156903744,1751150745.5543406,1.21425199508667
788602,synthetic_2,94,1750888853.624719,1751150744.3400958,261890.71537685397,1751150745.5543406,1.2142448425292969
788612,synthetic_2,83,1750888853.6250474,1751150744.3401024,261890.7150549889,1751150745.5543406,1.214238166809082
788622,synthetic_2,87,1750888853.62532,1751150744.3401086,261890.7147886753,1751150745.5543406,1.2142319679260254
788632,synthetic_2,86,1750888853.625628,1751150744.3401144,261890.71448636052,1751150745.5543406,1.214226245880127
788642,synthetic_2,89,1750888853.625877,1751150744.3401208,261890.71424388883,1751150745.5543406,1.2142198085784912
788652,synthetic_2,93,1750888853.6262093,1751150744.340127,261890.71391773224,1751150745.5543406,1.2142136096954346
788662,synthetic_2,104,1750888853.62649,1751150744.3401337,261890.7136437893,1751150745.5543406,1.2142069339752197
788672,synthetic_2,83,1750888853.626747,1751150744.3401403,261890.7133936882,1751150745.5543406,1.2142002582550049
788682,synthetic_2,101,1750888853.6269803,1751150744.3401537,261890.71317338943,1751150745.5543406,1.2141869068145752
788692,synthetic_2,81,1750888853.6271968,1751150744.3401675,261890.71297073364,1751150745.5543406,1.2141730785369873
788702,synthetic_2,102,1750888853.6273625,1751150744.3401742,261890.71281170845,1751150745.5543406,1.2141664028167725
788712,synthetic_2,95,1750888853.6275811,1751150744.3401806,261890.71259951591,1751150745.5543406,1.2141599655151367
788722,synthetic_2,95,1750888853.627767,1751150744.340187,261890.7124197483,1751150745.5543406,1.214153528213501
788732,synthetic_2,90,1750888853.6279712,1751150744.3401935,261890.7122225761,1751150745.5543406,1.2141470909118652
788742,synthetic_2,90,1750888853.6281493,1751150744.3402002,261890.7120509148,1751150745.5543406,1.2141404151916504
788752,synthetic_2,95,1750888853.6283324,1751150744.3402066,261890.7118742466,1751150745.5543406,1.2141339778900146
788762,synthetic_2,87,1750888853.718811,1751150744.340213,261890.6214020252,1751150745.5543406,1.214127540588379
788772,synthetic_2,89,1750888853.723237,1751150744.3402195,261890.61698269844,1751150745.5543406,1.2141211032867432
788782,synthetic_2,102,1750888853.7234745,1751150744.3402257,261890.616751194,1751150745.5543406,1.2141149044036865
788792,synthetic_2,90,1750888853.7237484,1751150744.3402324,261890.6164839268,1751150745.5543406,1.2141082286834717
788802,synthetic_2,90,1750888853.7240255,1751150744.340239,261890.6162135601,1751150745.5543406,1.2141015529632568
788812,synthetic_2,82,1750888853.7243097,1751150744.3402455,261890.6159358025,1751150745.5543406,1.214095115661621
788822,synthetic_2,95,1750888853.724615,1751150744.3402586,261890.61564350128,1751150745.5543406,1.2140820026397705
788832,synthetic_2,104,1750888853.7248695,1751150744.3402653,261890.615395546,1751150745.5543406,1.2140753269195557
788842,synthetic_2,90,1750888853.7250774,1751150744.340272,261890.6151945591,1751150745.5543406,1.2140686511993408
788852,synthetic_2,81,1750888853.7252924,1751150744.340278,261890.614985466,1751150745.5543406,1.2140626907348633
788862,synthetic_2,89,1750888853.7254574,1751150744.3402843,261890.61482691765,1751150745.5543406,1.2140562534332275
788872,synthetic_2,103,1750888853.7256165,1751150744.3402903,261890.6146740913,1751150745.5543406,1.21405029296875
788882,synthetic_2,82,1750888853.725776,1751150744.3402972,261890.61452126503,1751150745.5543406,1.214043378829956
788892,synthetic_2,95,1750888853.7259498,1751150744.340304,261890.6143541336,1751150745.5543406,1.2140367031097412
788902,synthetic_2,88,1750888853.726107,1751150744.3403175,261890.61421084404,1751150745.5543406,1.2140231132507324
788912,synthetic_2,82,1750888853.7262676,1751150744.3403242,261890.6140565872,1751150745.5543406,1.2140164375305176
788922,synthetic_2,103,1750888853.7264302,1751150744.34033,261890.6138999462,1751150745.5543406,1.2140107154846191
788932,synthetic_2,95,1750888853.726585,1751150744.3403368,261890.6137521267,1751150745.5543406,1.2140038013458252
788942,synthetic_2,83,1750888853.7267444,1751150744.34035,261890.61360549927,1751150745.5543406,1.2139906883239746
788952,synthetic_2,88,1750888853.726899,1751150744.3403563,261890.61345767972,1751150745.5543406,1.2139842510223389
788962,synthetic_2,83,1750888853.7270558,1751150744.3403628,261890.6133069992,1751150745.5543406,1.2139778137207031
788972,synthetic_2,102,1750888853.7272096,1751150744.3403692,261890.61315965647,1751150745.5543406,1.2139713764190674
788982,synthetic_2,89,1750888853.7273607,1751150744.3403757,261890.61301493645,1751150745.5543406,1.2139649391174316
788992,synthetic_2,103,1750888853.727513,1751150744.340382,261890.61286878583,1751150745.5543406,1.213958501815796
789002,synthetic_2,82,1750888853.727666,1751150744.3403883,261890.61272239685,1751150745.5543406,1.2139523029327393
789012,synthetic_2,93,1750888853.727825,1751150744.3403947,261890.61256980896,1751150745.5543406,1.2139458656311035
789022,synthetic_2,82,1750888853.72798,1751150744.3404012,261890.61242103577,1751150745.5543406,1.2139394283294678
789032,synthetic_2,90,1750888853.72814,1751150744.3404076,261890.6122674942,1751150745.5543406,1.213932991027832
789042,synthetic_2,96,1750888853.7282932,1751150744.3404143,261890.6121211052,1751150745.5543406,1.2139263153076172
789052,synthetic_2,83,1750888853.7284508,1751150744.3404214,261890.61197066307,1751150745.5543406,1.2139191627502441
789062,synthetic_2,95,1750888853.7286377,1751150744.340428,261890.6117901802,1751150745.5543406,1.2139124870300293
789072,synthetic_2,82,1750888853.728799,1751150744.3404438,261890.61164450645,1751150745.5543406,1.2138967514038086
789082,synthetic_2,88,1750888853.728963,1751150744.3404508,261890.61148810387,1751150745.5543406,1.2138898372650146
789092,synthetic_2,96,1750888853.7291205,1751150744.3404572,261890.61133670807,1751150745.5543406,1.213883399963379
789102,synthetic_2,103,1750888853.7292724,1751150744.340464,261890.61119151115,1751150745.5543406,1.213876485824585
789112,synthetic_2,101,1750888853.7294383,1751150744.3404703,261890.6110317707,1751150745.5543406,1.2138702869415283
789122,synthetic_2,96,1750888853.729601,1751150744.3404968,261890.6108958721,1751150745.5543406,1.213843822479248
789132,synthetic_2,83,1750888853.7297626,1751150744.3405042,261890.6107416153,1751150745.5543406,1.213836431503296
789142,synthetic_2,95,1750888853.729926,1751150744.3405104,261890.61058425903,1751150745.5543406,1.2138302326202393
789152,synthetic_2,88,1750888853.7300818,1751150744.3405168,261890.610435009,1751150745.5543406,1.2138237953186035
789162,synthetic_2,82,1750888853.7302315,1751150744.3405232,261890.61029171944,1751150745.5543406,1.2138173580169678
789172,synthetic_2,89,1750888853.7303867,1751150744.3405297,261890.61014294624,1751150745.5543406,1.213810920715332
789182,synthetic_2,90,1750888853.7305431,1751150744.340536,261890.60999298096,1751150745.5543406,1.2138044834136963
789192,synthetic_2,82,1750888853.730697,1751150744.3405426,261890.60984563828,1751150745.5543406,1.2137980461120605
789202,synthetic_2,103,1750888853.7308557,1751150744.3405554,261890.6096999645,1751150745.5543406,1.213785171508789
789212,synthetic_2,93,1750888853.7310133,1751150744.3405623,261890.6095490456,1751150745.5543406,1.2137782573699951
789222,synthetic_2,95,1750888853.7311645,1751150744.340569,261890.6094045639,1751150745.5543406,1.2137715816497803
789232,synthetic_2,101,1750888853.731319,1751150744.3405757,261890.609256506,1751150745.5543406,1.2137649059295654
789242,synthetic_2,88,1750888853.7314727,1751150744.340582,261890.6091094017,1751150745.5543406,1.2137587070465088
789252,synthetic_2,82,1750888853.731616,1751150744.3405886,261890.60897254944,1751150745.5543406,1.213752031326294
789262,synthetic_2,100,1750888853.7317717,1751150744.3405948,261890.608823061,1751150745.5543406,1.2137458324432373
789272,synthetic_2,82,1750888853.731922,1751150744.3406014,261890.608679533,1751150745.5543406,1.2137391567230225
789282,synthetic_2,82,1750888853.7320695,1751150744.3406076,261890.6085381508,1751150745.5543406,1.2137329578399658
789292,synthetic_2,100,1750888853.7322268,1751150744.340614,261890.60838723183,1751150745.5543406,1.21372652053833
789302,synthetic_2,80,1750888853.73238,1751150744.3406208,261890.6082408428,1751150745.5543406,1.2137198448181152
789312,synthetic_2,102,1750888853.8171806,1751150744.3406267,261890.52344608307,1751150745.5543406,1.2137138843536377
789322,synthetic_2,97,1750888853.8175576,1751150744.3406336,261890.52307605743,1751150745.5543406,1.2137069702148438
789332,synthetic_2,96,1750888853.8179157,1751150744.3406527,261890.5227370262,1751150745.5543406,1.2136878967285156
789342,synthetic_2,82,1750888853.8182566,1751150744.3406608,261890.52240419388,1751150745.5543406,1.2136797904968262
789352,synthetic_2,83,1750888853.8186142,1751150744.3406675,261890.52205324173,1751150745.5543406,1.2136731147766113
789362,synthetic_2,89,1750888853.8189476,1751150744.3406737,261890.52172613144,1751150745.5543406,1.2136669158935547
789372,synthetic_2,83,1750888853.8192804,1751150744.3406804,261890.5213999748,1751150745.5543406,1.2136602401733398
789382,synthetic_2,89,1750888853.8196237,1751150744.340687,261890.5210633278,1751150745.5543406,1.213653564453125
789392,synthetic_2,82,1750888853.8199804,1751150744.3406937,261890.5207130909,1751150745.5543406,1.2136468887329102
789402,synthetic_2,89,1750888853.8203323,1751150744.3407,261890.520367384,1751150745.5543406,1.2136406898498535
789412,synthetic_2,104,1750888853.8207276,1751150744.3407063,261890.51997876167,1751150745.5543406,1.2136342525482178
789422,synthetic_2,92,1750888853.8210485,1751150744.340713,261890.519664526,1751150745.5543406,1.213627576828003
789432,synthetic_2,104,1750888853.8213575,1751150744.3407197,261890.51936221123,1751150745.5543406,1.213620901107788
789442,synthetic_2,94,1750888853.8215868,1751150744.3407264,261890.51913952827,1751150745.5543406,1.2136142253875732
789452,synthetic_2,102,1750888853.8217971,1751150744.3407328,261890.5189356804,1751150745.5543406,1.2136077880859375
789462,synthetic_2,104,1750888853.8220024,1751150744.340747,261890.5187447071,1751150745.5543406,1.2135934829711914
789472,synthetic_2,89,1750888853.8222034,1751150744.3407557,261890.5185523033,1751150745.5543406,1.2135848999023438
789482,synthetic_2,104,1750888853.8224163,1751150744.3407626,261890.51834607124,1751150745.5543406,1.2135779857635498
789492,synthetic_2,102,1750888853.8226073,1751150744.3407702,261890.51816296577,1751150745.5543406,1.2135703563690186
789502,synthetic_2,103,1750888853.8228192,1751150744.3407788,261890.51795959476,1751150745.5543406,1.213561773300171
789512,synthetic_2,97,1750888853.8230455,1751150744.3407855,261890.5177400112,1751150745.5543406,1.213555097579956
789522,synthetic_2,88,1750888853.823238,1751150744.3407917,261890.5175538063,1751150745.5543406,1.2135488986968994
789532,synthetic_2,90,1750888853.8234303,1751150744.3407984,261890.51736807823,1751150745.5543406,1.2135422229766846
789542,synthetic_2,102,1750888853.82364,1751150744.3408048,261890.5171649456,1751150745.5543406,1.2135357856750488
789552,synthetic_2,88,1750888853.823844,1751150744.3408322,261890.51698827744,1751150745.5543406,1.2135083675384521
789562,synthetic_2,104,1750888853.8240476,1751150744.3408391,261890.5167915821,1751150745.5543406,1.2135014533996582
789572,synthetic_2,103,1750888853.824256,1751150744.340846,261890.5165901184,1751150745.5543406,1.2134945392608643
789582,synthetic_2,95,1750888853.8244822,1751150744.34086,261890.51637768745,1751150745.5543406,1.2134807109832764
789592,synthetic_2,83,1750888853.8247955,1751150744.3408668,261890.5160713196,1751150745.5543406,1.2134737968444824
789602,synthetic_2,96,1750888853.8251412,1751150744.340873,261890.51573181152,1751150745.5543406,1.2134675979614258
789612,synthetic_2,103,1750888853.8254614,1751150744.3408797,261890.5154182911,1751150745.5543406,1.213460922241211
789622,synthetic_2,82,1750888853.825804,1751150744.340886,261890.5150821209,1751150745.5543406,1.2134544849395752
789632,synthetic_2,82,1750888853.826103,1751150744.3408923,261890.51478934288,1751150745.5543406,1.2134482860565186
789642,synthetic_2,90,1750888853.8264377,1751150744.3408988,261890.5144610405,1751150745.5543406,1.2134418487548828
789652,synthetic_2,89,1750888853.8267791,1751150744.340905,261890.514125824,1751150745.5543406,1.2134356498718262
789662,synthetic_2,88,1750888853.827062,1751150744.3409114,261890.5138492584,1751150745.5543406,1.2134292125701904
789672,synthetic_2,82,1750888853.827363,1751150744.3409176,261890.51355457303,1751150745.5543406,1.2134230136871338
789682,synthetic_2,82,1750888853.8276412,1751150744.3409235,261890.51328229904,1751150745.5543406,1.2134170532226562
789692,synthetic_2,102,1750888853.827933,1751150744.34093,261890.512996912,1751150745.5543406,1.2134106159210205
789702,synthetic_2,96,1750888853.8282568,1751150744.340937,261890.5126798153,1751150745.5543406,1.2134037017822266
796212,synthetic_2,95,1750888854.0270734,1751150744.3409505,261890.3138768673,1751150745.5543406,1.2133901119232178
796222,synthetic_2,102,1750888854.0272913,1751150744.340957,261890.31366562843,1751150745.5543406,1.213383674621582
796232,synthetic_2,103,1750888854.027523,1751150744.3409636,261890.3134405613,1751150745.5543406,1.2133769989013672
796242,synthetic_2,103,1750888854.0277567,1751150744.3409705,261890.3132135868,1751150745.5543406,1.2133700847625732
796252,synthetic_2,103,1750888854.027991,1751150744.340977,261890.31298589704,1751150745.5543406,1.2133636474609375
796262,synthetic_2,83,1750888854.0282311,1751150744.3409896,261890.3127584457,1751150745.5543406,1.2133510112762451
796272,synthetic_2,102,1750888854.117224,1751150744.3409965,261890.22377228737,1751150745.5543406,1.2133440971374512
796282,synthetic_2,78,1750888854.123893,1751150744.341003,261890.2171099186,1751150745.5543406,1.2133376598358154
796292,synthetic_2,79,1750888854.124207,1751150744.3410096,261890.21680259705,1751150745.5543406,1.2133309841156006
796302,synthetic_2,89,1750888854.124583,1751150744.341017,261890.21643400192,1751150745.5543406,1.2133235931396484
796312,synthetic_2,88,1750888854.124931,1751150744.3410237,261890.2160925865,1751150745.5543406,1.2133169174194336
796322,synthetic_2,102,1750888854.125302,1751150744.34103,261890.2157280445,1751150745.5543406,1.213310718536377
796332,synthetic_2,103,1750888854.2178564,1751150744.3410366,261890.123180151,1751150745.5543406,1.213304042816162
796342,synthetic_2,97,1750888854.2181454,1751150744.3410497,261890.1229043007,1751150745.5543406,1.2132909297943115
796352,synthetic_2,88,1750888854.2183938,1751150744.3410563,261890.12266254425,1751150745.5543406,1.2132842540740967
796362,synthetic_2,87,1750888854.2186182,1751150744.3410623,261890.12244439125,1751150745.5543406,1.2132782936096191
796372,synthetic_2,93,1750888854.218916,1751150744.341069,261890.12215304372,1751150745.5543406,1.2132716178894043
796382,synthetic_2,95,1750888854.219199,1751150744.3410757,261890.1218767166,1751150745.5543406,1.2132649421691895
796392,synthetic_2,97,1750888854.2194805,1751150744.341082,261890.1216015816,1751150745.5543406,1.2132585048675537
796402,synthetic_2,104,1750888854.2197874,1751150744.3410883,261890.12130117416,1751150745.5543406,1.213252305984497
796412,synthetic_2,95,1750888854.2200527,1751150744.3410952,261890.12104249,1751150745.5543406,1.2132453918457031
796422,synthetic_2,82,1750888854.2202735,1751150744.3411016,261890.12082791328,1751150745.5543406,1.2132389545440674
796432,synthetic_2,97,1750888854.2206624,1751150744.341108,261890.1204457283,1751150745.5543406,1.2132325172424316
796442,synthetic_2,96,1750888854.221011,1751150744.3411143,261890.1201033592,1751150745.5543406,1.213226318359375
796452,synthetic_2,101,1750888854.2213683,1751150744.341121,261890.1197526455,1751150745.5543406,1.2132196426391602
796462,synthetic_2,101,1750888854.2216458,1751150744.3411276,261890.119481802,1751150745.5543406,1.2132129669189453
796472,synthetic_2,94,1750888854.2218742,1751150744.3411417,261890.11926722527,1751150745.5543406,1.2131989002227783
796482,synthetic_2,104,1750888854.2221775,1751150744.3411546,261890.11897706983,1751150745.5543406,1.2131860256195068
796492,synthetic_2,82,1750888854.2224567,1751150744.3411615,261890.11870479584,1751150745.5543406,1.213179111480713
796502,synthetic_2,82,1750888854.2227905,1751150744.3411677,261890.1183772087,1751150745.5543406,1.2131729125976562
796512,synthetic_2,90,1750888854.2231607,1751150744.341174,261890.118013382,1751150745.5543406,1.2131667137145996
796522,synthetic_2,89,1750888854.2235465,1751150744.34118,261890.1176338196,1751150745.5543406,1.213160514831543
796532,synthetic_2,103,1750888854.2239778,1751150744.3411863,261890.11720871925,1751150745.5543406,1.2131543159484863
796542,synthetic_2,81,1750888854.224324,1751150744.3411932,261890.1168692112,1751150745.5543406,1.2131474018096924
796552,synthetic_2,103,1750888854.224702,1751150744.3411994,261890.1164972782,1751150745.5543406,1.2131412029266357
796562,synthetic_2,103,1750888854.2249668,1751150744.341206,261890.1162393093,1751150745.5543406,1.213134527206421
796572,synthetic_2,83,1750888854.225237,1751150744.3412125,261890.1159758568,1751150745.5543406,1.2131280899047852
796582,synthetic_2,82,1750888854.2255003,1751150744.3412187,261890.11571836472,1751150745.5543406,1.2131218910217285
796592,synthetic_2,82,1750888854.2257628,1751150744.341225,261890.11546206477,1751150745.5543406,1.2131156921386719
796602,synthetic_2,83,1750888854.2260425,1751150744.341238,261890.1151955128,1751150745.5543406,1.2131025791168213
796612,synthetic_2,82,1750888854.226325,1751150744.3412447,261890.11491966248,1751150745.5543406,1.2130959033966064
796622,synthetic_2,80,1750888854.226601,1751150744.341251,261890.11465001103,1751150745.5543406,1.2130897045135498
796632,synthetic_2,89,1750888854.226874,1751150744.341257,261890.11438322067,1751150745.5543406,1.2130835056304932
789712,synthetic_2,95,1750888853.9196007,1751150744.3412633,261890.42166256905,1751150745.5543406,1.2130773067474365
789722,synthetic_2,88,1750888854.020774,1751150744.34127,261890.3204960823,1751150745.5543406,1.2130706310272217
789732,synthetic_2,89,1750888854.0210502,1751150744.3412764,261890.32022619247,1751150745.5543406,1.213064193725586
789742,synthetic_2,103,1750888854.0213735,1751150744.3412828,261890.31990933415,1751150745.5543406,1.2130577564239502
789752,synthetic_2,82,1750888854.021739,1751150744.3412895,261890.31955051425,1751150745.5543406,1.2130510807037354
789762,synthetic_2,81,1750888854.022113,1751150744.3412957,261890.31918263435,1751150745.5543406,1.2130448818206787
789772,synthetic_2,94,1750888854.022462,1751150744.3413086,261890.31884670255,1751150745.5543406,1.2130320072174072
789782,synthetic_2,96,1750888854.0228257,1751150744.3413155,261890.31848979,1751150745.5543406,1.2130250930786133
789792,synthetic_2,97,1750888854.0231712,1751150744.3413312,261890.31816005707,1751150745.5543406,1.2130093574523926
789802,synthetic_2,89,1750888854.0234983,1751150744.341338,261890.3178396225,1751150745.5543406,1.2130026817321777
789812,synthetic_2,83,1750888854.0238223,1751150744.3413444,261890.31752204892,1751150745.5543406,1.212996244430542
789822,synthetic_2,88,1750888854.0242226,1751150744.3413503,261890.31712770465,1751150745.5543406,1.2129902839660645
789832,synthetic_2,102,1750888854.024531,1751150744.3413568,261890.3168258667,1751150745.5543406,1.2129838466644287
789842,synthetic_2,83,1750888854.0248427,1751150744.3413632,261890.3165204525,1751150745.5543406,1.212977409362793
789852,synthetic_2,82,1750888854.0251305,1751150744.3413694,261890.31623888016,1751150745.5543406,1.2129712104797363
789862,synthetic_2,89,1750888854.025452,1751150744.3413758,261890.3159236908,1751150745.5543406,1.2129647731781006
789872,synthetic_2,96,1750888854.0257628,1751150744.3413818,261890.31561899185,1751150745.5543406,1.212958812713623
789882,synthetic_2,89,1750888854.0260546,1751150744.3413882,261890.3153336048,1751150745.5543406,1.2129523754119873
789892,synthetic_2,83,1750888854.0263977,1751150744.341395,261890.3149971962,1751150745.5543406,1.2129456996917725
789902,synthetic_2,97,1750888854.026718,1751150744.341401,261890.3146829605,1751150745.5543406,1.2129395008087158
789912,synthetic_2,96,1750888854.0270386,1751150744.3414075,261890.31436896324,1751150745.5543406,1.21293306350708
789922,synthetic_2,82,1750888854.0273426,1751150744.341421,261890.314078331,1751150745.5543406,1.2129197120666504
