index,topic,size_bytes,producer_timestamp,consumer_timestamp,consumer_delay_sec
53630,synthetic_0,96,1751150730.2219713,1751154422.730065,3692.5080938339233
53640,synthetic_0,81,1751150730.2221785,1751154422.7300887,3692.5079102516174
53650,synthetic_0,96,1751150730.2224445,1751154422.7300978,3692.507653236389
53660,synthetic_0,102,1751150730.2226632,1751154422.7301056,3692.5074424743652
53670,synthetic_0,80,1751150730.222867,1751154422.730113,3692.507246017456
53680,synthetic_0,103,1751150730.2230852,1751154422.7301202,3692.5070350170135
53690,synthetic_0,103,1751150730.2233014,1751154422.7301273,3692.5068259239197
53700,synthetic_0,81,1751150730.223511,1751154422.7301345,3692.506623506546
53710,synthetic_0,95,1751150730.2237122,1751154422.7301412,3692.5064289569855
53720,synthetic_0,87,1751150730.2239163,1751154422.7301483,3692.506232023239
53730,synthetic_0,94,1751150730.2241151,1751154422.730157,3692.506041765213
53740,synthetic_0,94,1751150730.2243214,1751154422.730164,3692.5058426856995
53750,synthetic_0,95,1751150730.2245274,1751154422.730171,3692.505643606186
53760,synthetic_0,99,1751150730.224735,1751154422.7301784,3692.5054433345795
53770,synthetic_0,95,1751150730.224943,1751154422.7301853,3692.5052423477173
53780,synthetic_0,81,1751150730.2251415,1751154422.7301922,3692.5050506591797
53790,synthetic_0,101,1751150730.2253406,1751154422.730199,3692.504858493805
53800,synthetic_0,99,1751150730.22555,1751154422.7302063,3692.50465631485
53810,synthetic_0,94,1751150730.2257473,1751154422.7302132,3692.504465818405
53820,synthetic_0,96,1751150730.2259402,1751154422.7302215,3692.504281282425
53830,synthetic_0,100,1751150730.226151,1751154422.7302284,3692.50407743454
53840,synthetic_0,96,1751150730.2263525,1751154422.7302358,3692.5038833618164
53850,synthetic_0,88,1751150730.2265596,1751154422.730246,3692.50368642807
53860,synthetic_0,89,1751150730.2267618,1751154422.730253,3692.503491163254
53870,synthetic_0,86,1751150730.2269566,1751154422.7302597,3692.503303050995
53880,synthetic_0,95,1751150730.2271428,1751154422.7302666,3692.5031237602234
53890,synthetic_0,81,1751150730.2273316,1751154422.7302735,3692.5029418468475
53900,synthetic_0,95,1751150730.227521,1751154422.7302802,3692.502759218216
53910,synthetic_0,95,1751150730.2277284,1751154422.730287,3692.502558708191
53920,synthetic_0,101,1751150730.2279303,1751154422.7302938,3692.5023634433746
53930,synthetic_0,89,1751150730.2281237,1751154422.7303007,3692.502177000046
53940,synthetic_0,81,1751150730.2283518,1751154422.7303073,3692.501955509186
53950,synthetic_0,80,1751150730.2285604,1751154422.730314,3692.5017535686493
53960,synthetic_0,88,1751150730.2287474,1751154422.730321,3692.501573562622
53970,synthetic_0,89,1751150730.2289388,1751154422.7303276,3692.5013887882233
53980,synthetic_0,81,1751150730.2291229,1751154422.7303362,3692.501213312149
53990,synthetic_0,96,1751150730.2293384,1751154422.730343,3692.5010046958923
54000,synthetic_0,81,1751150730.2295244,1751154422.7303498,3692.500825405121
54010,synthetic_0,82,1751150730.2297158,1751154422.7303565,3692.500640630722
54020,synthetic_0,93,1751150730.229904,1751154422.7303631,3692.5004591941833
54030,synthetic_0,88,1751150730.2301092,1751154422.73037,3692.5002608299255
54040,synthetic_0,89,1751150730.2303016,1751154422.730377,3692.500075340271
54050,synthetic_0,81,1751150730.2304866,1751154422.7303834,3692.4998967647552
54060,synthetic_0,94,1751150730.2306757,1751154422.73039,3692.4997143745422
54070,synthetic_0,100,1751150730.2308688,1751154422.7303994,3692.4995305538177
54080,synthetic_0,82,1751150730.2310705,1751154422.7304063,3692.4993357658386
54090,synthetic_0,100,1751150730.231258,1751154422.730413,3692.4991550445557
54100,synthetic_0,96,1751150730.2314544,1751154422.73042,3692.498965740204
54110,synthetic_0,81,1751150730.2316487,1751154422.73043,3692.4987812042236
54120,synthetic_0,88,1751150730.2318418,1751154422.7304366,3692.498594760895
54130,synthetic_0,81,1751150730.2320282,1751154422.7304435,3692.4984152317047
54140,synthetic_0,101,1751150730.2322166,1751154422.7304504,3692.498233795166
54150,synthetic_0,94,1751150730.23241,1751154422.7304575,3692.4980475902557
54160,synthetic_0,94,1751150730.3168075,1751154422.7304647,3692.4136571884155
54170,synthetic_0,89,1751150730.3170128,1751154422.7304716,3692.4134588241577
54180,synthetic_0,88,1751150730.3171964,1751154422.7304785,3692.4132821559906
54190,synthetic_0,87,1751150730.3173752,1751154422.7304852,3692.4131100177765
54200,synthetic_0,100,1751150730.3175688,1751154422.730492,3692.412923336029
54210,synthetic_0,88,1751150730.3177612,1751154422.7304988,3692.412737607956
54220,synthetic_0,95,1751150730.3179584,1751154422.730506,3692.4125475883484
54230,synthetic_0,80,1751150730.3181567,1751154422.7305129,3692.4123561382294
55800,synthetic_0,102,1751150730.5185826,1751154422.7305207,3692.2119381427765
55810,synthetic_0,88,1751150730.5187757,1751154422.7305293,3692.2117536067963
55820,synthetic_0,86,1751150730.518979,1751154422.7305362,3692.211557149887
55830,synthetic_0,87,1751150730.5191748,1751154422.7305431,3692.2113683223724
55840,synthetic_0,87,1751150730.519383,1751154422.73055,3692.2111670970917
55850,synthetic_0,89,1751150730.5195847,1751154422.7305584,3692.210973739624
55860,synthetic_0,96,1751150730.5197818,1751154422.7305653,3692.210783481598
55870,synthetic_0,88,1751150730.519981,1751154422.730572,3692.2105910778046
55880,synthetic_0,87,1751150730.520184,1751154422.730579,3692.210394859314
55890,synthetic_0,87,1751150730.520386,1751154422.7305856,3692.2101995944977
55900,synthetic_0,89,1751150730.5206015,1751154422.7305932,3692.2099916934967
55910,synthetic_0,89,1751150730.5208082,1751154422.7306,3692.2097918987274
55920,synthetic_0,82,1751150730.5210242,1751154422.7306068,3692.209582567215
55930,synthetic_0,88,1751150730.5212255,1751154422.730615,3692.209389448166
55940,synthetic_0,102,1751150730.5214238,1751154422.7306218,3692.209197998047
55950,synthetic_0,82,1751150730.5216298,1751154422.7306285,3692.2089986801147
55960,synthetic_0,102,1751150730.5218341,1751154422.7306354,3692.2088012695312
55970,synthetic_0,89,1751150730.5220363,1751154422.7306428,3692.208606481552
55980,synthetic_0,101,1751150730.5222359,1751154422.7306492,3692.208413362503
55990,synthetic_0,82,1751150730.5224328,1751154422.7306569,3692.2082240581512
56000,synthetic_0,82,1751150730.5226333,1751154422.7306638,3692.208030462265
56010,synthetic_0,103,1751150730.5228422,1751154422.73067,3692.207827806473
56020,synthetic_0,100,1751150730.5230422,1751154422.7306776,3692.2076354026794
56030,synthetic_0,96,1751150730.5232306,1751154422.7306845,3692.2074539661407
56040,synthetic_0,82,1751150730.5234342,1751154422.7306917,3692.2072575092316
56050,synthetic_0,103,1751150730.5236447,1751154422.7307017,3692.2070569992065
56060,synthetic_0,96,1751150730.5238416,1751154422.730709,3692.206867456436
56070,synthetic_0,88,1751150730.524038,1751154422.7307174,3692.2066793441772
56080,synthetic_0,82,1751150730.5242379,1751154422.7307243,3692.2064864635468
56090,synthetic_0,92,1751150730.5244331,1751154422.730733,3692.2062997817993
56100,synthetic_0,96,1751150730.5246356,1751154422.73074,3692.206104516983
56110,synthetic_0,80,1751150730.524843,1751154422.7307482,3692.205905199051
56120,synthetic_0,82,1751150730.5250373,1751154422.730756,3692.205718755722
56130,synthetic_0,81,1751150730.5252945,1751154422.7307627,3692.2054681777954
56140,synthetic_0,94,1751150730.5254955,1751154422.7307694,3692.2052738666534
56150,synthetic_0,96,1751150730.5257149,1751154422.730776,3692.205061197281
56160,synthetic_0,82,1751150730.5259316,1751154422.730783,3692.2048513889313
56170,synthetic_0,96,1751150730.5261457,1751154422.7307897,3692.2046439647675
56180,synthetic_0,89,1751150730.5263782,1751154422.7307978,3692.2044196128845
56190,synthetic_0,88,1751150730.526593,1751154422.7308044,3692.204211473465
56200,synthetic_0,103,1751150730.5268087,1751154422.7308109,3692.2040021419525
56210,synthetic_0,102,1751150730.5270324,1751154422.7308183,3692.2037858963013
56220,synthetic_0,89,1751150730.5272655,1751154422.7308254,3692.2035598754883
56230,synthetic_0,96,1751150730.5274768,1751154422.7308319,3692.203355073929
56240,synthetic_0,102,1751150730.5277061,1751154422.7308388,3692.2031326293945
56250,synthetic_0,88,1751150730.5279253,1751154422.7308457,3692.202920436859
56260,synthetic_0,88,1751150730.5281436,1751154422.7308524,3692.202708721161
56270,synthetic_0,81,1751150730.5283618,1751154422.730859,3692.202497243881
56280,synthetic_0,95,1751150730.5286124,1751154422.7308657,3692.202253341675
56290,synthetic_0,88,1751150730.5288367,1751154422.730874,3692.202037334442
56300,synthetic_0,103,1751150730.5290632,1751154422.730881,3692.201817750931
56310,synthetic_0,95,1751150730.5292833,1751154422.7308896,3692.201606273651
56320,synthetic_0,96,1751150730.5295103,1751154422.7308967,3692.201386451721
56330,synthetic_0,95,1751150730.529725,1751154422.7309034,3692.2011783123016
56340,synthetic_0,93,1751150730.5299385,1751154422.7309103,3692.200971841812
56350,synthetic_0,79,1751150730.530141,1751154422.7309172,3692.2007761001587
56360,synthetic_0,102,1751150730.5303447,1751154422.7309241,3692.200579404831
56370,synthetic_0,103,1751150730.5305426,1751154422.730931,3692.200388431549
56380,synthetic_0,100,1751150730.530749,1751154422.730938,3692.2001888751984
45820,synthetic_0,88,1751150729.5177817,1751154422.7309444,3693.2131626605988
56390,synthetic_0,101,1751150730.5309486,1751154422.7309513,3692.200002670288
45830,synthetic_0,86,1751150729.517929,1751154422.7309587,3693.2130296230316
56400,synthetic_0,103,1751150730.5311525,1751154422.7309651,3692.1998126506805
56410,synthetic_0,96,1751150730.5313509,1751154422.7309718,3692.199620962143
56420,synthetic_0,102,1751150730.5315576,1751154422.7309802,3692.199422597885
56430,synthetic_0,82,1751150730.5317473,1751154422.730987,3692.199239730835
45840,synthetic_0,95,1751150729.5180697,1751154422.7309935,3693.2129237651825
45850,synthetic_0,93,1751150729.5182002,1751154422.731,3693.2127997875214
56440,synthetic_0,80,1751150730.531942,1751154422.7310073,3692.1990654468536
56450,synthetic_0,94,1751150730.5321379,1751154422.7310152,3692.1988773345947
56460,synthetic_0,95,1751150730.5323684,1751154422.7310238,3692.1986553668976
56470,synthetic_0,101,1751150730.6166277,1751154422.7310307,3692.1144030094147
45860,synthetic_0,81,1751150729.5183268,1751154422.7310379,3693.21271109581
56480,synthetic_0,88,1751150730.6168292,1751154422.7310445,3692.114215373993
45870,synthetic_0,86,1751150729.5184708,1751154422.7310514,3693.212580680847
56490,synthetic_0,96,1751150730.6170392,1751154422.7310581,3692.1140189170837
56500,synthetic_0,100,1751150730.6172493,1751154422.7310648,3692.1138155460358
56510,synthetic_0,101,1751150730.617442,1751154422.7310731,3692.113631248474
56520,synthetic_0,81,1751150730.6176395,1751154422.7310798,3692.1134402751923
56530,synthetic_0,81,1751150730.6178384,1751154422.7310867,3692.113248348236
45880,synthetic_0,92,1751150729.5186067,1751154422.7310934,3693.212486743927
56540,synthetic_0,95,1751150730.6180434,1751154422.7311006,3692.1130571365356
45890,synthetic_0,87,1751150729.518742,1751154422.7311072,3693.2123651504517
56550,synthetic_0,88,1751150730.618244,1751154422.7311144,3692.112870454788
56560,synthetic_0,100,1751150730.618476,1751154422.731121,3692.112645149231
56570,synthetic_0,86,1751150730.618672,1751154422.7311277,3692.112455844879
56580,synthetic_0,89,1751150730.6188734,1751154422.7311347,3692.1122612953186
45900,synthetic_0,82,1751150729.5189507,1751154422.7311413,3693.2121906280518
45910,synthetic_0,95,1751150729.5190942,1751154422.731148,3693.2120537757874
56590,synthetic_0,89,1751150730.6190724,1751154422.731156,3692.112083673477
56600,synthetic_0,103,1751150730.6192896,1751154422.731163,3692.1118733882904
56610,synthetic_0,81,1751150730.6194954,1751154422.73117,3692.1116745471954
56620,synthetic_0,103,1751150730.6196973,1751154422.7311783,3692.111480951309
45920,synthetic_0,95,1751150729.519252,1751154422.7311852,3693.2119331359863
45930,synthetic_0,88,1751150729.5194173,1751154422.7311919,3693.211774587631
56630,synthetic_0,81,1751150730.6199083,1751154422.7311985,3692.111290216446
56640,synthetic_0,78,1751150730.620102,1751154422.7312047,3692.1111028194427
56650,synthetic_0,101,1751150730.6203005,1751154422.7312114,3692.1109108924866
56660,synthetic_0,81,1751150730.6205192,1751154422.7312186,3692.110699415207
45940,synthetic_0,87,1751150729.519575,1751154422.731225,3693.2116498947144
45950,synthetic_0,81,1751150729.5197444,1751154422.7312317,3693.2114872932434
56670,synthetic_0,81,1751150730.6207209,1751154422.7312384,3692.110517501831
56680,synthetic_0,102,1751150730.6209238,1751154422.731247,3692.110323190689
56690,synthetic_0,86,1751150730.621125,1751154422.7312539,3692.110128879547
56700,synthetic_0,94,1751150730.6213243,1751154422.7312603,3692.1099359989166
45960,synthetic_0,82,1751150729.5198863,1751154422.7312672,3693.211380958557
56710,synthetic_0,93,1751150730.621529,1751154422.731274,3692.109744787216
45970,synthetic_0,88,1751150729.5200207,1751154422.7312806,3693.211259841919
56720,synthetic_0,95,1751150730.6217396,1751154422.7312875,3692.10954785347
56730,synthetic_0,93,1751150730.621938,1751154422.7312942,3692.1093561649323
56740,synthetic_0,81,1751150730.6221461,1751154422.7313008,3692.109154701233
56750,synthetic_0,82,1751150730.6223445,1751154422.7313075,3692.1089630126953
56760,synthetic_0,95,1751150730.622542,1751154422.7313144,3692.1087725162506
56770,synthetic_0,79,1751150730.622732,1751154422.7313213,3692.108589410782
56780,synthetic_0,88,1751150730.6229334,1751154422.731328,3692.1083946228027
56790,synthetic_0,82,1751150730.6231368,1751154422.7313375,3692.108200788498
45980,synthetic_0,103,1751150729.5201523,1751154422.7313442,3693.211191892624
45990,synthetic_0,89,1751150729.5203025,1751154422.7313511,3693.211048603058
56800,synthetic_0,99,1751150730.623341,1751154422.7313578,3692.108016729355
56810,synthetic_0,95,1751150730.6235418,1751154422.731365,3692.1078231334686
56820,synthetic_0,103,1751150730.6237476,1751154422.7313719,3692.1076242923737
56830,synthetic_0,96,1751150730.6239429,1751154422.731379,3692.1074361801147
46000,synthetic_0,102,1751150729.5205417,1751154422.7313857,3693.210844039917
56840,synthetic_0,82,1751150730.6241424,1751154422.7313926,3692.107250213623
46010,synthetic_0,80,1751150729.5206933,1751154422.7313995,3693.2107062339783
56850,synthetic_0,81,1751150730.6243403,1751154422.731406,3692.107065677643
56860,synthetic_0,87,1751150730.6245468,1751154422.731413,3692.106866121292
56870,synthetic_0,102,1751150730.6247644,1751154422.7314198,3692.106655359268
56880,synthetic_0,95,1751150730.6249673,1751154422.7314284,3692.106461048126
56890,synthetic_0,95,1751150730.6251643,1751154422.7314353,3692.1062710285187
46020,synthetic_0,95,1751150729.5208476,1751154422.7314422,3693.2105946540833
46030,synthetic_0,94,1751150729.5210085,1751154422.731449,3693.2104403972626
56900,synthetic_0,80,1751150730.625366,1751154422.7314556,3692.10608959198
56910,synthetic_0,95,1751150730.6255639,1751154422.7314622,3692.1058983802795
56920,synthetic_0,81,1751150730.6257672,1751154422.7314692,3692.1057019233704
56930,synthetic_0,95,1751150730.6259599,1751154422.7314758,3692.1055159568787
56940,synthetic_0,88,1751150730.626161,1751154422.731484,3692.1053228378296
56950,synthetic_0,100,1751150730.6263583,1751154422.7314906,3692.105132341385
56960,synthetic_0,78,1751150730.626555,1751154422.731498,3692.104943037033
56970,synthetic_0,95,1751150730.6267571,1751154422.7315047,3692.104747533798
56980,synthetic_0,96,1751150730.6269548,1751154422.7315116,3692.104556798935
56990,synthetic_0,88,1751150730.627158,1751154422.7315197,3692.1043617725372
57000,synthetic_0,96,1751150730.6273656,1751154422.7315264,3692.104160785675
57010,synthetic_0,95,1751150730.6275754,1751154422.7315333,3692.1039578914642
57020,synthetic_0,96,1751150730.6277819,1751154422.73154,3692.103758096695
57030,synthetic_0,95,1751150730.6279783,1751154422.7315469,3692.1035685539246
57040,synthetic_0,93,1751150730.628174,1751154422.7315536,3692.1033794879913
57050,synthetic_0,89,1751150730.6283832,1751154422.7315605,3692.1031773090363
57060,synthetic_0,81,1751150730.6286163,1751154422.731567,3692.1029505729675
57070,synthetic_0,103,1751150730.6288097,1751154422.7315736,3692.10276389122
57080,synthetic_0,87,1751150730.629017,1751154422.7315803,3692.1025631427765
57090,synthetic_0,95,1751150730.629226,1751154422.731587,3692.1023609638214
57100,synthetic_0,82,1751150730.6294181,1751154422.7315934,3692.1021752357483
57110,synthetic_0,87,1751150730.6296186,1751154422.7316017,3692.1019830703735
57120,synthetic_0,100,1751150730.629826,1751154422.7316084,3692.10178232193
57130,synthetic_0,102,1751150730.6300354,1751154422.7316155,3692.101580142975
57140,synthetic_0,94,1751150730.6302402,1751154422.7316227,3692.101382493973
57150,synthetic_0,95,1751150730.6305907,1751154422.7316294,3692.1010386943817
57160,synthetic_0,93,1751150730.630805,1751154422.7316377,3692.1008327007294
46040,synthetic_0,100,1751150729.5211456,1751154422.7316444,3693.2104988098145
46050,synthetic_0,102,1751150729.5212753,1751154422.7316513,3693.210376024246
57170,synthetic_0,103,1751150730.6310031,1751154422.7316582,3692.100655078888
57180,synthetic_0,89,1751150730.6312087,1751154422.731665,3692.100456237793
57190,synthetic_0,102,1751150730.631438,1751154422.7316716,3692.10023355484
46060,synthetic_0,82,1751150729.5214057,1751154422.7316785,3693.2102727890015
46070,synthetic_0,100,1751150729.521543,1751154422.7316852,3693.21014213562
57200,synthetic_0,96,1751150730.6316252,1751154422.7316935,3692.1000683307648
57210,synthetic_0,88,1751150730.6318212,1751154422.7317004,3692.0998792648315
57220,synthetic_0,81,1751150730.6320174,1751154422.731707,3692.099689722061
46080,synthetic_0,93,1751150729.521681,1751154422.7317135,3693.2100324630737
46090,synthetic_0,94,1751150729.521829,1751154422.7317204,3693.2098915576935
57230,synthetic_0,94,1751150730.6322274,1751154422.7317271,3692.0994997024536
57240,synthetic_0,96,1751150730.6324325,1751154422.731734,3692.0993015766144
57250,synthetic_0,89,1751150730.6326349,1751154422.731741,3692.0991060733795
46100,synthetic_0,89,1751150729.5219612,1751154422.7317479,3693.2097866535187
46110,synthetic_0,87,1751150729.522096,1751154422.7317545,3693.2096586227417
57260,synthetic_0,89,1751150730.6328201,1751154422.7317615,3692.0989413261414
57270,synthetic_0,88,1751150730.6330087,1751154422.7317681,3692.0987594127655
57280,synthetic_0,93,1751150730.6332045,1751154422.7317748,3692.0985703468323
46120,synthetic_0,95,1751150729.5222328,1751154422.731783,3693.209550142288
46130,synthetic_0,82,1751150729.5223713,1751154422.731791,3693.2094197273254
57290,synthetic_0,82,1751150730.6333952,1751154422.7317977,3692.0984025001526
57300,synthetic_0,101,1751150730.6335835,1751154422.7318046,3692.098221063614
57310,synthetic_0,95,1751150730.6337774,1751154422.7318113,3692.0980339050293
46140,synthetic_0,88,1751150729.5225098,1751154422.7318192,3693.2093093395233
46150,synthetic_0,81,1751150729.522645,1751154422.731826,3693.2091810703278
57320,synthetic_0,96,1751150730.6339629,1751154422.7318325,3692.0978696346283
57330,synthetic_0,102,1751150730.6341517,1751154422.7318394,3692.0976877212524
57340,synthetic_0,80,1751150730.6343367,1751154422.7318463,3692.097509622574
57350,synthetic_0,103,1751150730.6345341,1751154422.7318528,3692.097318649292
57360,synthetic_0,82,1751150730.6347234,1751154422.73186,3692.0971364974976
57370,synthetic_0,94,1751150730.634921,1751154422.7318666,3692.0969455242157
57380,synthetic_0,86,1751150730.6351194,1751154422.7318747,3692.0967552661896
57390,synthetic_0,94,1751150730.6352997,1751154422.7318814,3692.096581697464
57400,synthetic_0,99,1751150730.635644,1751154422.7318885,3692.096244573593
57410,synthetic_0,94,1751150730.635842,1751154422.731896,3692.09605383873
57420,synthetic_0,89,1751150730.6360333,1751154422.7319028,3692.095869541168
57430,synthetic_0,95,1751150730.6362324,1751154422.73191,3692.095677614212
57440,synthetic_0,87,1751150730.6364224,1751154422.7319164,3692.095494031906
46160,synthetic_0,87,1751150729.522781,1751154422.731923,3693.2091422080994
57450,synthetic_0,103,1751150730.7167103,1751154422.731931,3692.01522064209
46170,synthetic_0,93,1751150729.5229197,1751154422.731938,3693.2090182304382
57460,synthetic_0,80,1751150730.716911,1751154422.7319462,3692.0150351524353
57470,synthetic_0,95,1751150730.717089,1751154422.7319527,3692.014863729477
57480,synthetic_0,101,1751150730.7173548,1751154422.7319596,3692.0146048069
57490,synthetic_0,96,1751150730.7175822,1751154422.731968,3692.014385700226
57500,synthetic_0,87,1751150730.7177782,1751154422.731975,3692.014196872711
57510,synthetic_0,89,1751150730.7180305,1751154422.7319818,3692.0139513015747
57520,synthetic_0,88,1751150730.718257,1751154422.7319887,3692.0137317180634
46180,synthetic_0,100,1751150729.5230582,1751154422.7319956,3693.20893740654
46190,synthetic_0,96,1751150729.5231946,1751154422.7320025,3693.2088079452515
46200,synthetic_0,88,1751150729.523334,1751154422.7320092,3693.208675146103
46210,synthetic_0,81,1751150729.523471,1751154422.7320158,3693.20854473114
46220,synthetic_0,95,1751150729.5236278,1751154422.7320223,3693.2083945274353
46230,synthetic_0,93,1751150729.5237725,1751154422.732029,3693.208256483078
46240,synthetic_0,93,1751150729.5239053,1751154422.7320359,3693.2081305980682
46250,synthetic_0,93,1751150729.524044,1751154422.7320428,3693.207998752594
46260,synthetic_0,81,1751150729.5241766,1751154422.732051,3693.2078742980957
46270,synthetic_0,80,1751150729.524309,1751154422.7320573,3693.207748413086
46280,synthetic_0,82,1751150729.5244532,1751154422.732064,3693.207610845566
46290,synthetic_0,89,1751150729.6168077,1751154422.7320707,3693.1152629852295
46300,synthetic_0,89,1751150729.6171887,1751154422.7320774,3693.1148886680603
46310,synthetic_0,88,1751150729.617332,1751154422.732084,3693.1147520542145
57530,synthetic_0,94,1751150730.7184834,1751154422.732091,3692.0136075019836
46320,synthetic_0,94,1751150729.617473,1751154422.7320993,3693.1146264076233
46330,synthetic_0,81,1751150729.6176112,1751154422.7321064,3693.114495277405
46340,synthetic_0,95,1751150729.6178038,1751154422.732113,3693.1143090724945
46350,synthetic_0,94,1751150729.6179671,1751154422.7321198,3693.1141526699066
46360,synthetic_0,89,1751150729.6181023,1751154422.7321265,3693.1140241622925
46370,synthetic_0,95,1751150729.6182392,1751154422.7321334,3693.113894224167
46380,synthetic_0,86,1751150729.6183774,1751154422.7321415,3693.1137640476227
46390,synthetic_0,102,1751150729.6185622,1751154422.7321482,3693.113585948944
46400,synthetic_0,102,1751150729.6187756,1751154422.7321553,3693.113379716873
46410,synthetic_0,89,1751150729.6189883,1751154422.7321622,3693.1131739616394
46420,synthetic_0,99,1751150729.6191895,1751154422.732169,3693.112979412079
46430,synthetic_0,100,1751150729.6193912,1751154422.7321758,3693.1127846240997
46440,synthetic_0,82,1751150729.6198895,1751154422.7321827,3693.112293243408
46450,synthetic_0,81,1751150729.620036,1751154422.7321894,3693.112153530121
46460,synthetic_0,101,1751150729.6201751,1751154422.7321959,3693.1120207309723
46470,synthetic_0,81,1751150729.6211622,1751154422.7322028,3693.1110405921936
46480,synthetic_0,89,1751150729.6213374,1751154422.7322094,3693.110872030258
46490,synthetic_0,100,1751150729.6214979,1751154422.7322164,3693.1107184886932
46500,synthetic_0,94,1751150729.6217127,1751154422.7322233,3693.1105105876923
46510,synthetic_0,100,1751150729.6219532,1751154422.7322314,3693.1102781295776
46520,synthetic_0,81,1751150729.622131,1751154422.7322385,3693.110107421875
46530,synthetic_0,88,1751150729.6223304,1751154422.732248,3693.109917640686
46540,synthetic_0,88,1751150729.6231468,1751154422.732255,3693.10910820961
46550,synthetic_0,101,1751150729.6232915,1751154422.7322617,3693.1089701652527
46560,synthetic_0,89,1751150729.6234229,1751154422.732269,3693.1088461875916
46570,synthetic_0,103,1751150729.6242986,1751154422.7322762,3693.107977628708
46580,synthetic_0,82,1751150729.6244698,1751154422.732284,3693.107814311981
46590,synthetic_0,94,1751150729.6246529,1751154422.7322907,3693.1076378822327
46600,synthetic_0,82,1751150729.6248004,1751154422.7322977,3693.107497215271
46610,synthetic_0,89,1751150729.6249566,1751154422.7323043,3693.107347726822
46620,synthetic_0,79,1751150729.6251302,1751154422.732311,3693.1071808338165
46630,synthetic_0,95,1751150729.6252887,1751154422.7323177,3693.1070289611816
46640,synthetic_0,82,1751150729.6254315,1751154422.7323258,3693.1068942546844
46650,synthetic_0,81,1751150729.6255834,1751154422.7323325,3693.10674905777
46660,synthetic_0,88,1751150729.6257262,1751154422.7323394,3693.1066131591797
46670,synthetic_0,80,1751150729.6258936,1751154422.732346,3693.1064524650574
46680,synthetic_0,103,1751150729.6260588,1751154422.7323527,3693.1062939167023
46690,synthetic_0,82,1751150729.6262016,1751154422.7323594,3693.1061577796936
46700,synthetic_0,101,1751150729.6263614,1751154422.732366,3693.106004714966
46710,synthetic_0,99,1751150729.717153,1751154422.732373,3693.015219926834
46720,synthetic_0,80,1751150729.7173972,1751154422.7323797,3693.0149824619293
46730,synthetic_0,88,1751150729.7176325,1751154422.7323864,3693.014753818512
64870,synthetic_0,81,1751150731.7250798,1751154422.7323933,3691.007313489914
64880,synthetic_0,93,1751150731.7252352,1751154422.7324014,3691.007166147232
64890,synthetic_0,103,1751150731.7253783,1751154422.732408,3691.007029771805
64900,synthetic_0,94,1751150731.7255218,1751154422.7324169,3691.0068950653076
64910,synthetic_0,87,1751150731.725667,1751154422.7324238,3691.0067567825317
64920,synthetic_0,80,1751150731.7258127,1751154422.7324302,3691.0066175460815
64930,synthetic_0,95,1751150731.725953,1751154422.732437,3691.0064837932587
64940,synthetic_0,95,1751150731.7261033,1751154422.7324436,3691.006340265274
64950,synthetic_0,86,1751150731.726247,1751154422.7324502,3691.006203174591
64960,synthetic_0,96,1751150731.7263956,1751154422.732457,3691.0060613155365
64970,synthetic_0,101,1751150731.726548,1751154422.732464,3691.005916118622
64980,synthetic_0,100,1751150731.726687,1751154422.732482,3691.0057950019836
64990,synthetic_0,81,1751150731.726825,1751154422.732489,3691.0056641101837
65000,synthetic_0,79,1751150731.726972,1751154422.7324958,3691.0055236816406
65010,synthetic_0,101,1751150731.727116,1751154422.7325027,3691.0053865909576
65020,synthetic_0,89,1751150731.7272553,1751154422.7325113,3691.0052559375763
65030,synthetic_0,96,1751150731.7274039,1751154422.7325182,3691.0051143169403
65040,synthetic_0,89,1751150731.7275395,1751154422.732525,3691.0049855709076
65050,synthetic_0,81,1751150731.7276804,1751154422.7325315,3691.004851102829
65060,synthetic_0,81,1751150731.727821,1751154422.7325377,3691.0047166347504
65070,synthetic_0,88,1751150731.727963,1751154422.7325444,3691.004581451416
65080,synthetic_0,94,1751150731.7281034,1751154422.732551,3691.004447698593
65090,synthetic_0,102,1751150731.7282457,1751154422.732558,3691.00431227684
65100,synthetic_0,81,1751150731.7283952,1751154422.7325664,3691.0041711330414
65110,synthetic_0,96,1751150731.7285426,1751154422.7325735,3691.004030942917
65120,synthetic_0,96,1751150731.7286863,1751154422.7325819,3691.003895521164
65130,synthetic_0,89,1751150731.7288313,1751154422.7325895,3691.0037581920624
65140,synthetic_0,102,1751150731.7289999,1751154422.7325969,3691.003597021103
65150,synthetic_0,102,1751150731.7291443,1751154422.732606,3691.00346159935
65160,synthetic_0,82,1751150731.7292967,1751154422.7326138,3691.003317117691
65170,synthetic_0,100,1751150731.72944,1751154422.7326205,3691.003180503845
65180,synthetic_0,89,1751150731.7295868,1751154422.7326274,3691.0030405521393
65190,synthetic_0,102,1751150731.7297292,1751154422.732634,3691.002904891968
65200,synthetic_0,87,1751150731.729875,1751154422.732641,3691.002765893936
65210,synthetic_0,103,1751150731.7300212,1751154422.732648,3691.002626657486
65220,synthetic_0,95,1751150731.7301612,1751154422.7326548,3691.002493619919
65230,synthetic_0,101,1751150731.730303,1751154422.7326617,3691.002358675003
65240,synthetic_0,94,1751150731.7304413,1751154422.7326686,3691.002227306366
65250,synthetic_0,103,1751150731.7305713,1751154422.7326765,3691.0021052360535
65260,synthetic_0,102,1751150731.7307098,1751154422.7326837,3691.0019738674164
65270,synthetic_0,80,1751150731.73084,1751154422.732691,3691.001851081848
65280,synthetic_0,94,1751150731.7309735,1751154422.732699,3691.001725435257
65290,synthetic_0,82,1751150731.7311056,1751154422.732706,3691.0016005039215
65300,synthetic_0,87,1751150731.731243,1751154422.7327127,3691.00146985054
65310,synthetic_0,96,1751150731.7313757,1751154422.7327197,3691.0013439655304
65320,synthetic_0,90,1751150731.7315118,1751154422.7327275,3691.001215696335
65330,synthetic_0,95,1751150731.7316475,1751154422.7327347,3691.0010871887207
65340,synthetic_0,88,1751150731.7317855,1751154422.7327414,3691.0009558200836
65350,synthetic_0,96,1751150731.7319188,1751154422.7327483,3691.0008294582367
65360,synthetic_0,95,1751150731.732053,1751154422.7327552,3691.0007021427155
65370,synthetic_0,87,1751150731.73219,1751154422.7327626,3691.000572681427
65380,synthetic_0,100,1751150731.7323258,1751154422.7327695,3691.0004436969757
65390,synthetic_0,96,1751150731.7324605,1751154422.7327764,3691.0003159046173
65400,synthetic_0,88,1751150731.8171773,1751154422.732783,3690.9156057834625
65410,synthetic_0,80,1751150731.8173482,1751154422.7327917,3690.91544342041
65420,synthetic_0,89,1751150731.8174942,1751154422.7327986,3690.9153044223785
65430,synthetic_0,94,1751150731.817651,1751154422.7328062,3690.915155172348
65440,synthetic_0,96,1751150731.8178127,1751154422.7328131,3690.91500043869
65450,synthetic_0,80,1751150731.8179579,1751154422.73282,3690.9148621559143
65460,synthetic_0,82,1751150731.8181186,1751154422.732827,3690.914708375931
65470,synthetic_0,94,1751150731.8182979,1751154422.7328336,3690.9145357608795
65480,synthetic_0,96,1751150731.8184812,1751154422.7328405,3690.914359331131
65490,synthetic_0,88,1751150731.818648,1751154422.7328475,3690.9141993522644
65500,synthetic_0,94,1751150731.8187978,1751154422.7328544,3690.9140565395355
65510,synthetic_0,101,1751150731.8189554,1751154422.7328613,3690.9139058589935
65520,synthetic_0,89,1751150731.8191323,1751154422.7328684,3690.913736104965
65530,synthetic_0,89,1751150731.8193088,1751154422.732875,3690.913566350937
65540,synthetic_0,102,1751150731.8195155,1751154422.7328842,3690.913368701935
65550,synthetic_0,82,1751150731.8196943,1751154422.7328916,3690.9131972789764
65560,synthetic_0,96,1751150731.8198771,1751154422.7328982,3690.9130210876465
65570,synthetic_0,80,1751150731.8200786,1751154422.7329054,3690.9128267765045
65580,synthetic_0,81,1751150731.8202903,1751154422.7329118,3690.912621498108
65590,synthetic_0,95,1751150731.8205345,1751154422.7329185,3690.912384033203
65600,synthetic_0,102,1751150731.820743,1751154422.7329264,3690.9121832847595
65610,synthetic_0,102,1751150731.820949,1751154422.7329335,3690.9119844436646
65620,synthetic_0,102,1751150731.8211539,1751154422.732941,3690.911787033081
65630,synthetic_0,89,1751150731.8213472,1751154422.7329478,3690.911600589752
65640,synthetic_0,80,1751150731.821547,1751154422.7329543,3690.9114072322845
65650,synthetic_0,82,1751150731.8217132,1751154422.7329612,3690.9112479686737
65660,synthetic_0,96,1751150731.8218668,1751154422.7329705,3690.9111037254333
65670,synthetic_0,82,1751150731.8220122,1751154422.7329774,3690.910965204239
65680,synthetic_0,89,1751150731.8221738,1751154422.7329843,3690.910810470581
65690,synthetic_0,95,1751150731.8223138,1751154422.732991,3690.9106771945953
65700,synthetic_0,95,1751150731.8224647,1751154422.732998,3690.9105331897736
65710,synthetic_0,86,1751150731.822621,1751154422.7330048,3690.9103837013245
65720,synthetic_0,80,1751150731.8227913,1751154422.7330117,3690.910220384598
65730,synthetic_0,96,1751150731.8229902,1751154422.7330184,3690.910028219223
65740,synthetic_0,82,1751150731.8232062,1751154422.733025,3690.9098188877106
65750,synthetic_0,103,1751150731.8233843,1751154422.7330317,3690.909647464752
65760,synthetic_0,80,1751150731.8235872,1751154422.7330403,3690.9094531536102
65770,synthetic_0,95,1751150731.8237853,1751154422.733047,3690.909261703491
65780,synthetic_0,81,1751150731.8239944,1751154422.733054,3690.909059524536
65790,synthetic_0,82,1751150731.8241906,1751154422.7330618,3690.9088711738586
65800,synthetic_0,81,1751150731.8244026,1751154422.7330685,3690.908665895462
65810,synthetic_0,79,1751150731.82463,1751154422.7330751,3690.908445119858
65820,synthetic_0,87,1751150731.824825,1751154422.7330816,3690.9082565307617
65830,synthetic_0,103,1751150731.8250442,1751154422.7330883,3690.9080440998077
65840,synthetic_0,100,1751150731.825257,1751154422.733095,3690.907837867737
65850,synthetic_0,82,1751150731.8254528,1751154422.733102,3690.9076492786407
65860,synthetic_0,96,1751150731.8256197,1751154422.7331088,3690.9074890613556
65870,synthetic_0,101,1751150731.8258152,1751154422.7331154,3690.907300233841
65880,synthetic_0,85,1751150731.8260176,1751154422.7331223,3690.907104730606
65890,synthetic_0,101,1751150731.826221,1751154422.7331297,3690.906908750534
65900,synthetic_0,80,1751150731.82639,1751154422.7331367,3690.9067466259003
65910,synthetic_0,102,1751150731.8265288,1751154422.733143,3690.906614303589
65920,synthetic_0,80,1751150731.8266692,1751154422.7331514,3690.906482219696
65930,synthetic_0,101,1751150731.8268125,1751154422.7331583,3690.906345844269
65940,synthetic_0,96,1751150731.8269513,1751154422.7331653,3690.9062139987946
65950,synthetic_0,95,1751150731.8270876,1751154422.733172,3690.9060842990875
65960,synthetic_0,93,1751150731.827228,1751154422.7331786,3690.9059505462646
65970,synthetic_0,79,1751150731.8273695,1751154422.7331855,3690.905816078186
65980,synthetic_0,101,1751150731.827521,1751154422.7331936,3690.9056725502014
65990,synthetic_0,102,1751150731.8276596,1751154422.7332003,3690.905540704727
66000,synthetic_0,79,1751150731.827799,1751154422.7332075,3690.9054083824158
66010,synthetic_0,82,1751150731.8279383,1751154422.7332141,3690.905275821686
66020,synthetic_0,81,1751150731.8280876,1751154422.7332208,3690.9051332473755
66030,synthetic_0,82,1751150731.8282254,1751154422.7332275,3690.905002117157
66040,synthetic_0,103,1751150731.8283663,1751154422.7332342,3690.904867887497
66050,synthetic_0,88,1751150731.8285253,1751154422.7332423,3690.9047169685364
66060,synthetic_0,101,1751150731.8286672,1751154422.7332492,3690.9045820236206
66070,synthetic_0,102,1751150731.8288114,1751154422.7332563,3690.9044449329376
66080,synthetic_0,99,1751150731.8289502,1751154422.733263,3690.904312849045
66090,synthetic_0,81,1751150731.829091,1751154422.7332702,3690.904179096222
66100,synthetic_0,96,1751150731.8292363,1751154422.733277,3690.904040813446
66110,synthetic_0,94,1751150731.8293726,1751154422.7332847,3690.9039120674133
66120,synthetic_0,101,1751150731.8295157,1751154422.7332926,3690.903776884079
66130,synthetic_0,81,1751150731.829672,1751154422.7333,3690.903627872467
66140,synthetic_0,87,1751150731.829845,1751154422.733307,3690.903461933136
66150,synthetic_0,100,1751150731.8300095,1751154422.7333136,3690.9033041000366
66160,synthetic_0,94,1751150731.8301938,1751154422.7333205,3690.9031267166138
66170,synthetic_0,87,1751150731.830384,1751154422.7333274,3690.9029433727264
66180,synthetic_0,88,1751150731.8305755,1751154422.7333355,3690.902760028839
66190,synthetic_0,89,1751150731.8307726,1751154422.7333438,3690.9025712013245
66200,synthetic_0,81,1751150731.8309429,1751154422.7333508,3690.902407884598
66210,synthetic_0,95,1751150731.8310866,1751154422.7333574,3690.902270793915
66220,synthetic_0,99,1751150731.831261,1751154422.733364,3690.9021031856537
66230,synthetic_0,94,1751150731.8314023,1751154422.733371,3690.901968717575
66240,synthetic_0,103,1751150731.8315434,1751154422.733378,3690.901834487915
66250,synthetic_0,95,1751150731.8316805,1751154422.7333853,3690.901704788208
66260,synthetic_0,103,1751150731.8318224,1751154422.7333922,3690.9015698432922
66270,synthetic_0,82,1751150731.8319693,1751154422.7333992,3690.9014298915863
66280,synthetic_0,102,1751150731.8321152,1751154422.7334056,3690.9012904167175
66290,synthetic_0,103,1751150731.8322637,1751154422.733413,3690.9011492729187
66300,synthetic_0,87,1751150731.832414,1751154422.733421,3690.9010071754456
66310,synthetic_0,93,1751150731.917393,1751154422.733428,3690.8160350322723
66320,synthetic_0,93,1751150731.9175892,1751154422.7334352,3690.815845966339
66330,synthetic_0,80,1751150731.9177227,1751154422.7334418,3690.815719127655
66340,synthetic_0,93,1751150731.9178607,1751154422.733449,3690.815588235855
66350,synthetic_0,96,1751150731.9180212,1751154422.733456,3690.81543469429
66360,synthetic_0,95,1751150731.9181564,1751154422.733463,3690.815306663513
66370,synthetic_0,82,1751150731.9182968,1751154422.7334697,3690.8151729106903
66380,synthetic_0,81,1751150731.918437,1751154422.7334764,3690.815039396286
66390,synthetic_0,80,1751150731.918572,1751154422.7334838,3690.814911842346
66400,synthetic_0,82,1751150731.9187126,1751154422.7334907,3690.8147780895233
66410,synthetic_0,95,1751150731.918861,1751154422.733499,3690.8146381378174
66420,synthetic_0,93,1751150731.9189982,1751154422.7335057,3690.814507484436
66430,synthetic_0,81,1751150731.9191403,1751154422.733514,3690.814373731613
66440,synthetic_0,101,1751150731.9192863,1751154422.7335207,3690.814234495163
66450,synthetic_0,103,1751150731.9194324,1751154422.7335277,3690.8140952587128
66460,synthetic_0,87,1751150731.91957,1751154422.7335346,3690.8139646053314
66470,synthetic_0,100,1751150731.9197135,1751154422.7335408,3690.81382727623
66480,synthetic_0,82,1751150731.9198503,1751154422.7335477,3690.8136973381042
66490,synthetic_0,99,1751150731.9199882,1751154422.7335541,3690.813565969467
66500,synthetic_0,89,1751150731.9201345,1751154422.733561,3690.8134264945984
66510,synthetic_0,96,1751150731.9202707,1751154422.7335677,3690.81329703331
66520,synthetic_0,88,1751150731.9204068,1751154422.7335744,3690.8131675720215
66530,synthetic_0,101,1751150731.9205635,1751154422.733581,3690.8130176067352
66540,synthetic_0,94,1751150731.9207077,1751154422.733588,3690.8128802776337
66550,synthetic_0,82,1751150731.9208417,1751154422.7335951,3690.8127534389496
66560,synthetic_0,82,1751150731.9209769,1751154422.7336032,3690.812626361847
66570,synthetic_0,81,1751150731.9211195,1751154422.73361,3690.812490463257
66580,synthetic_0,80,1751150731.9212599,1751154422.7336166,3690.812356710434
66590,synthetic_0,89,1751150731.9214015,1751154422.7336233,3690.812221765518
