t_bucket,n,p99_ms,max_ms,viol_rate,throughput,skew_ratio,hot_part_p99_ms,run_id,label,traffic_mode,skew_fraction,skew_partitions,hot_partition,hot_consumer
0,62.0,6078.151533603669,6744.1887855529785,0.43548387096774194,2.066666666666667,9.290322580645162,6558.571846485136,20260223_232437_skew,20260223_232437_skew | tm=skew sf=0.30 sp=0,skew,0.3,0,0,consumer-sts-0
30,72.0,12467.697575092316,12549.473524093628,0.4166666666666667,2.4,9.208333333333332,12305.925693511961,20260223_232437_skew,20260223_232437_skew | tm=skew sf=0.30 sp=0,skew,0.3,0,0,consumer-sts-0
60,99.0,18782.986001968384,18834.04231071472,0.3939393939393939,3.3,11.717171717171716,18819.454793930054,20260223_232437_skew,20260223_232437_skew | tm=skew sf=0.30 sp=0,skew,0.3,0,0,consumer-sts-0
90,83.0,24723.52788925171,25092.01121330261,0.2891566265060241,2.7666666666666666,9.216867469879517,25020.112028121945,20260223_232437_skew,20260223_232437_skew | tm=skew sf=0.30 sp=0,skew,0.3,0,0,consumer-sts-0
120,72.0,31520.1443195343,31598.800659179688,0.4027777777777778,2.4,10.222222222222221,31574.428272247314,20260223_232437_skew,20260223_232437_skew | tm=skew sf=0.30 sp=0,skew,0.3,0,0,consumer-sts-0
150,88.0,36516.06967687607,36995.29147148132,0.36363636363636365,2.933333333333333,12.09090909090909,36846.567466259,20260223_232437_skew,20260223_232437_skew | tm=skew sf=0.30 sp=0,skew,0.3,0,0,consumer-sts-0
180,89.0,42257.055110931404,43825.21390914917,0.38202247191011235,2.966666666666667,8.898876404494382,41058.35398674011,20260223_232437_skew,20260223_232437_skew | tm=skew sf=0.30 sp=0,skew,0.3,0,0,consumer-sts-0
210,77.0,47640.13613700866,49239.7837638855,0.44155844155844154,2.566666666666667,13.454545454545455,45490.45184850693,20260223_232437_skew,20260223_232437_skew | tm=skew sf=0.30 sp=0,skew,0.3,0,0,consumer-sts-0
240,81.0,59452.496719360366,63113.76190185547,0.35802469135802467,2.7,10.962962962962964,50794.17591094971,20260223_232437_skew,20260223_232437_skew | tm=skew sf=0.30 sp=0,skew,0.3,0,0,consumer-sts-0
270,84.0,58463.67266893387,59047.77479171753,0.38095238095238093,2.8,9.690476190476192,58095.82812547684,20260223_232437_skew,20260223_232437_skew | tm=skew sf=0.30 sp=0,skew,0.3,0,0,consumer-sts-0
300,95.0,62749.00605678558,62788.05446624756,0.3473684210526316,3.1666666666666665,11.494736842105263,62776.83843374252,20260223_232437_skew,20260223_232437_skew | tm=skew sf=0.30 sp=0,skew,0.3,0,0,consumer-sts-0
330,88.0,73146.10469579697,73178.17807197571,0.32954545454545453,2.933333333333333,7.9772727272727275,73171.91086053848,20260223_232437_skew,20260223_232437_skew | tm=skew sf=0.30 sp=0,skew,0.3,0,0,consumer-sts-0
360,86.0,76196.64947986603,76211.23218536377,0.47674418604651164,2.8666666666666667,11.720930232558139,76206.60003185272,20260223_232437_skew,20260223_232437_skew | tm=skew sf=0.30 sp=0,skew,0.3,0,0,consumer-sts-0
390,84.0,81826.44035577774,81866.78504943848,0.3333333333333333,2.8,10.25,81857.06343650818,20260223_232437_skew,20260223_232437_skew | tm=skew sf=0.30 sp=0,skew,0.3,0,0,consumer-sts-0
420,77.0,90686.2676334381,91870.31435966492,0.3116883116883117,2.566666666666667,7.597402597402597,91652.20048904419,20260223_232437_skew,20260223_232437_skew | tm=skew sf=0.30 sp=0,skew,0.3,0,0,consumer-sts-0
450,85.0,96637.38984107971,96659.28173065186,0.3058823529411765,2.8333333333333335,8.894117647058824,96654.85122919083,20260223_232437_skew,20260223_232437_skew | tm=skew sf=0.30 sp=0,skew,0.3,0,0,consumer-sts-0
480,71.0,102257.40461349487,103850.27384757996,0.3380281690140845,2.3666666666666667,6.76056338028169,103531.70000076294,20260223_232437_skew,20260223_232437_skew | tm=skew sf=0.30 sp=0,skew,0.3,0,0,consumer-sts-0
510,83.0,109337.90654182434,109342.2040939331,0.3132530120481928,2.7666666666666666,10.602409638554215,109341.208319664,20260223_232437_skew,20260223_232437_skew | tm=skew sf=0.30 sp=0,skew,0.3,0,0,consumer-sts-0
540,75.0,113918.69957923888,113980.68499565125,0.32,2.5,9.866666666666665,113964.76982116699,20260223_232437_skew,20260223_232437_skew | tm=skew sf=0.30 sp=0,skew,0.3,0,0,consumer-sts-0
570,89.0,122840.27045249939,122858.27851295473,0.33707865168539325,2.966666666666667,10.382022471910112,122854.18577194215,20260223_232437_skew,20260223_232437_skew | tm=skew sf=0.30 sp=0,skew,0.3,0,0,consumer-sts-0
600,84.0,128429.36891317366,128499.13907051086,0.35714285714285715,2.8,10.285714285714285,128479.80517148972,20260223_232437_skew,20260223_232437_skew | tm=skew sf=0.30 sp=0,skew,0.3,0,0,consumer-sts-0
630,84.0,135365.13485908508,135373.08597564697,0.2976190476190476,2.8,9.523809523809524,135371.2658405304,20260223_232437_skew,20260223_232437_skew | tm=skew sf=0.30 sp=0,skew,0.3,0,0,consumer-sts-0
660,92.0,140449.3888115883,140472.4476337433,0.40217391304347827,3.066666666666667,10.73913043478261,140466.1127924919,20260223_232437_skew,20260223_232437_skew | tm=skew sf=0.30 sp=0,skew,0.3,0,0,consumer-sts-0
690,75.0,146254.1837310791,146407.5689315796,0.49333333333333335,2.5,11.6,146349.53128814697,20260223_232437_skew,20260223_232437_skew | tm=skew sf=0.30 sp=0,skew,0.3,0,0,consumer-sts-0
720,84.0,154253.7367630005,154272.4244594574,0.4166666666666667,2.8,9.75,154267.9214000702,20260223_232437_skew,20260223_232437_skew | tm=skew sf=0.30 sp=0,skew,0.3,0,0,consumer-sts-0
750,70.0,160471.82862758636,160726.12142562866,0.4714285714285714,2.3333333333333335,10.371428571428572,160648.72796535492,20260223_232437_skew,20260223_232437_skew | tm=skew sf=0.30 sp=0,skew,0.3,0,0,consumer-sts-0
780,104.0,166226.52830600739,166242.12837219238,0.3076923076923077,3.466666666666667,10.153846153846153,166238.97057056427,20260223_232437_skew,20260223_232437_skew | tm=skew sf=0.30 sp=0,skew,0.3,0,0,consumer-sts-0
810,94.0,169147.54160881042,169149.39260482788,0.3404255319148936,3.1333333333333333,9.382978723404255,169148.9945411682,20260223_232437_skew,20260223_232437_skew | tm=skew sf=0.30 sp=0,skew,0.3,0,0,consumer-sts-0
840,92.0,179338.35412740707,179734.44294929504,0.3804347826086957,3.066666666666667,9.293478260869566,179656.09570980072,20260223_232437_skew,20260223_232437_skew | tm=skew sf=0.30 sp=0,skew,0.3,0,0,consumer-sts-0
870,87.0,186688.78813266754,187162.0230674744,0.3448275862068966,2.9,9.25287356321839,187040.96296787265,20260223_232437_skew,20260223_232437_skew | tm=skew sf=0.30 sp=0,skew,0.3,0,0,consumer-sts-0
900,83.0,191313.4077501297,191365.90838432312,0.43373493975903615,2.7666666666666666,11.06024096385542,191349.261841774,20260223_232437_skew,20260223_232437_skew | tm=skew sf=0.30 sp=0,skew,0.3,0,0,consumer-sts-0
930,85.0,197185.30341148376,197211.71402931213,0.4117647058823529,2.8333333333333335,11.858823529411765,197203.22490215302,20260223_232437_skew,20260223_232437_skew | tm=skew sf=0.30 sp=0,skew,0.3,0,0,consumer-sts-0
960,85.0,203282.717628479,203604.1281223297,0.3176470588235294,2.8333333333333335,8.28235294117647,203546.73339128494,20260223_232437_skew,20260223_232437_skew | tm=skew sf=0.30 sp=0,skew,0.3,0,0,consumer-sts-0
990,79.0,208618.19287776947,208619.1530227661,0.2911392405063291,2.6333333333333333,8.89873417721519,208618.9314508438,20260223_232437_skew,20260223_232437_skew | tm=skew sf=0.30 sp=0,skew,0.3,0,0,consumer-sts-0
1020,84.0,209043.95447015762,212012.5572681427,0.38095238095238093,2.8,11.309523809523808,211154.166097641,20260223_232437_skew,20260223_232437_skew | tm=skew sf=0.30 sp=0,skew,0.3,0,0,consumer-sts-0
1050,80.0,222341.0366821289,222343.73235702515,0.325,2.6666666666666665,8.5,222343.1863975525,20260223_232437_skew,20260223_232437_skew | tm=skew sf=0.30 sp=0,skew,0.3,0,0,consumer-sts-0
1080,75.0,227657.2332811356,227724.1871356964,0.41333333333333333,2.5,12.759999999999998,227698.8532447815,20260223_232437_skew,20260223_232437_skew | tm=skew sf=0.30 sp=0,skew,0.3,0,0,consumer-sts-0
1110,92.0,238169.49562311175,238193.1037902832,0.40217391304347827,3.066666666666667,10.597826086956522,238186.87746047974,20260223_232437_skew,20260223_232437_skew | tm=skew sf=0.30 sp=0,skew,0.3,0,0,consumer-sts-0
1140,76.0,243727.0491719246,243763.32354545596,0.4473684210526316,2.533333333333333,12.434210526315791,243750.74842929843,20260223_232437_skew,20260223_232437_skew | tm=skew sf=0.30 sp=0,skew,0.3,0,0,consumer-sts-0
1170,86.0,249262.95974254608,249406.8968296051,0.3023255813953488,2.8666666666666667,8.581395348837209,249378.1094121933,20260223_232437_skew,20260223_232437_skew | tm=skew sf=0.30 sp=0,skew,0.3,0,0,consumer-sts-0
1200,102.0,256729.05624628067,256805.3500652313,0.37254901960784315,3.4,11.980392156862747,256787.0975732803,20260223_232437_skew,20260223_232437_skew | tm=skew sf=0.30 sp=0,skew,0.3,0,0,consumer-sts-0
1230,81.0,261339.53294754028,262885.34688949585,0.32098765432098764,2.7,9.333333333333334,262556.8614268303,20260223_232437_skew,20260223_232437_skew | tm=skew sf=0.30 sp=0,skew,0.3,0,0,consumer-sts-0
1260,79.0,269671.7291498184,269730.77034950256,0.4050632911392405,2.6333333333333333,9.037974683544304,269718.65933418274,20260223_232437_skew,20260223_232437_skew | tm=skew sf=0.30 sp=0,skew,0.3,0,0,consumer-sts-0
1290,78.0,277159.34815645224,277191.8251514435,0.32051282051282054,2.6,10.23076923076923,277183.38956832886,20260223_232437_skew,20260223_232437_skew | tm=skew sf=0.30 sp=0,skew,0.3,0,0,consumer-sts-0
1320,68.0,281341.08357191086,281351.3457775116,0.38235294117647056,2.2666666666666666,9.529411764705882,281348.74193429947,20260223_232437_skew,20260223_232437_skew | tm=skew sf=0.30 sp=0,skew,0.3,0,0,consumer-sts-0
1350,78.0,285638.44978809357,285676.07498168945,0.41025641025641024,2.6,12.5,285664.3476486206,20260223_232437_skew,20260223_232437_skew | tm=skew sf=0.30 sp=0,skew,0.3,0,0,consumer-sts-0
1380,89.0,293555.1275253296,293555.6426048279,0.4044943820224719,2.966666666666667,11.325842696629213,293555.5079817772,20260223_232437_skew,20260223_232437_skew | tm=skew sf=0.30 sp=0,skew,0.3,0,0,consumer-sts-0
1410,71.0,299985.9582901001,300076.1148929596,0.36619718309859156,2.3666666666666667,10.352112676056338,300050.35586357117,20260223_232437_skew,20260223_232437_skew | tm=skew sf=0.30 sp=0,skew,0.3,0,0,consumer-sts-0
1440,72.0,307364.26533699036,307380.6960582733,0.3333333333333333,2.4,9.75,307376.7619419098,20260223_232437_skew,20260223_232437_skew | tm=skew sf=0.30 sp=0,skew,0.3,0,0,consumer-sts-0
1470,74.0,310238.1972360611,310256.8037509918,0.4189189189189189,2.466666666666667,12.486486486486488,310249.9218893051,20260223_232437_skew,20260223_232437_skew | tm=skew sf=0.30 sp=0,skew,0.3,0,0,consumer-sts-0
1500,91.0,319265.7321691513,319293.5252189636,0.45054945054945056,3.033333333333333,9.35164835164835,319286.73136234283,20260223_232437_skew,20260223_232437_skew | tm=skew sf=0.30 sp=0,skew,0.3,0,0,consumer-sts-0
1530,84.0,325423.6943745613,325449.232339859,0.34523809523809523,2.8,7.619047619047619,325444.6170449257,20260223_232437_skew,20260223_232437_skew | tm=skew sf=0.30 sp=0,skew,0.3,0,0,consumer-sts-0
1560,85.0,330663.6693954468,330685.3077411652,0.29411764705882354,2.8333333333333335,9.835294117647058,330679.8981547356,20260223_232437_skew,20260223_232437_skew | tm=skew sf=0.30 sp=0,skew,0.3,0,0,consumer-sts-0
1590,97.0,333843.9666748047,333847.03826904297,0.4536082474226804,3.2333333333333334,12.680412371134022,333846.1103916168,20260223_232437_skew,20260223_232437_skew | tm=skew sf=0.30 sp=0,skew,0.3,0,0,consumer-sts-0
1620,86.0,342491.5554881096,342524.9047279358,0.3488372093023256,2.8666666666666667,8.372093023255815,342518.23487997055,20260223_232437_skew,20260223_232437_skew | tm=skew sf=0.30 sp=0,skew,0.3,0,0,consumer-sts-0
1650,83.0,348150.8128833771,348162.80817985535,0.42168674698795183,2.7666666666666666,12.72289156626506,348159.4436454773,20260223_232437_skew,20260223_232437_skew | tm=skew sf=0.30 sp=0,skew,0.3,0,0,consumer-sts-0
1680,74.0,352703.46311330795,353368.27278137207,0.33783783783783783,2.466666666666667,8.72972972972973,353222.5610733032,20260223_232437_skew,20260223_232437_skew | tm=skew sf=0.30 sp=0,skew,0.3,0,0,consumer-sts-0
1710,79.0,358131.01168155676,358242.653131485,0.4177215189873418,2.6333333333333333,12.987341772151899,358205.4393148422,20260223_232437_skew,20260223_232437_skew | tm=skew sf=0.30 sp=0,skew,0.3,0,0,consumer-sts-0
1740,86.0,365624.74169731146,365626.4164447784,0.26744186046511625,2.8666666666666667,8.162790697674419,365626.081495285,20260223_232437_skew,20260223_232437_skew | tm=skew sf=0.30 sp=0,skew,0.3,0,0,consumer-sts-0
1770,96.0,373985.15095710754,374043.8120365143,0.28125,3.2,10.28125,374031.46233558655,20260223_232437_skew,20260223_232437_skew | tm=skew sf=0.30 sp=0,skew,0.3,0,0,consumer-sts-0
1800,91.0,379560.6231689453,379867.2726154328,0.3076923076923077,3.033333333333333,9.857142857142856,379792.313861847,20260223_232437_skew,20260223_232437_skew | tm=skew sf=0.30 sp=0,skew,0.3,0,0,consumer-sts-0
1830,98.0,386658.413169384,386789.8030281067,0.40816326530612246,3.2666666666666666,10.459183673469388,386757.2941970825,20260223_232437_skew,20260223_232437_skew | tm=skew sf=0.30 sp=0,skew,0.3,0,0,consumer-sts-0
1860,67.0,391502.12361335754,393055.9241771698,0.2835820895522388,2.2333333333333334,6.791044776119403,392773.4149837494,20260223_232437_skew,20260223_232437_skew | tm=skew sf=0.30 sp=0,skew,0.3,0,0,consumer-sts-0
1890,81.0,400660.01896858215,400678.7054538727,0.38271604938271603,2.7,9.024691358024691,400674.9681568146,20260223_232437_skew,20260223_232437_skew | tm=skew sf=0.30 sp=0,skew,0.3,0,0,consumer-sts-0
1920,84.0,404629.99874830246,404674.8857498169,0.32142857142857145,2.8,7.928571428571429,404665.69202661514,20260223_232437_skew,20260223_232437_skew | tm=skew sf=0.30 sp=0,skew,0.3,0,0,consumer-sts-0
1950,84.0,412409.9232649803,412410.3560447693,0.32142857142857145,2.8,9.761904761904761,412410.2569746971,20260223_232437_skew,20260223_232437_skew | tm=skew sf=0.30 sp=0,skew,0.3,0,0,consumer-sts-0
1980,70.0,416313.77874851227,418910.8738899231,0.38571428571428573,2.3333333333333335,10.5,418158.09268951416,20260223_232437_skew,20260223_232437_skew | tm=skew sf=0.30 sp=0,skew,0.3,0,0,consumer-sts-0
2010,72.0,421682.34714746475,421716.1946296692,0.3611111111111111,2.4,8.88888888888889,421707.13685274124,20260223_232437_skew,20260223_232437_skew | tm=skew sf=0.30 sp=0,skew,0.3,0,0,consumer-sts-0
2040,88.0,431235.4088616371,431262.5069618225,0.4431818181818182,2.933333333333333,12.21590909090909,431255.03162384033,20260223_232437_skew,20260223_232437_skew | tm=skew sf=0.30 sp=0,skew,0.3,0,0,consumer-sts-0
2070,81.0,437863.1297111511,437880.0206184387,0.3333333333333333,2.7,9.851851851851851,437875.7978916168,20260223_232437_skew,20260223_232437_skew | tm=skew sf=0.30 sp=0,skew,0.3,0,0,consumer-sts-0
2100,82.0,444148.68596315384,445016.8964862824,0.4024390243902439,2.7333333333333334,10.0,444813.2421660424,20260223_232437_skew,20260223_232437_skew | tm=skew sf=0.30 sp=0,skew,0.3,0,0,consumer-sts-0
2130,97.0,450351.2725830078,450383.3332061768,0.32989690721649484,3.2333333333333334,9.649484536082474,450375.65201520926,20260223_232437_skew,20260223_232437_skew | tm=skew sf=0.30 sp=0,skew,0.3,0,0,consumer-sts-0
2160,89.0,455388.08385849,455467.5569534302,0.33707865168539325,2.966666666666667,7.887640449438202,455452.2041964531,20260223_232437_skew,20260223_232437_skew | tm=skew sf=0.30 sp=0,skew,0.3,0,0,consumer-sts-0
2190,83.0,462025.9624433518,462026.28326416016,0.37349397590361444,2.7666666666666666,9.879518072289157,462026.2089276314,20260223_232437_skew,20260223_232437_skew | tm=skew sf=0.30 sp=0,skew,0.3,0,0,consumer-sts-0
2220,100.0,467080.64205646515,467206.0306072235,0.44,3.3333333333333335,12.54,467165.50097465515,20260223_232437_skew,20260223_232437_skew | tm=skew sf=0.30 sp=0,skew,0.3,0,0,consumer-sts-0
2250,92.0,474797.268447876,474840.4297828674,0.32608695652173914,3.066666666666667,9.358695652173912,474830.94377517694,20260223_232437_skew,20260223_232437_skew | tm=skew sf=0.30 sp=0,skew,0.3,0,0,consumer-sts-0
2280,89.0,478591.5110206604,478622.5137710571,0.39325842696629215,2.966666666666667,11.629213483146067,478614.76308345795,20260223_232437_skew,20260223_232437_skew | tm=skew sf=0.30 sp=0,skew,0.3,0,0,consumer-sts-0
2310,74.0,482571.1683106423,482584.9769115448,0.2972972972972973,2.466666666666667,8.216216216216216,482582.1395277977,20260223_232437_skew,20260223_232437_skew | tm=skew sf=0.30 sp=0,skew,0.3,0,0,consumer-sts-0
2340,96.0,491698.51826429367,491710.00599861145,0.4270833333333333,3.2,11.947916666666666,491706.3782930374,20260223_232437_skew,20260223_232437_skew | tm=skew sf=0.30 sp=0,skew,0.3,0,0,consumer-sts-0
2370,80.0,498726.72879219055,498766.0541534424,0.4,2.6666666666666665,13.4125,498752.1160507202,20260223_232437_skew,20260223_232437_skew | tm=skew sf=0.30 sp=0,skew,0.3,0,0,consumer-sts-0
2400,74.0,503206.81278944016,503238.2233142853,0.3918918918918919,2.466666666666667,12.0,503228.32684755325,20260223_232437_skew,20260223_232437_skew | tm=skew sf=0.30 sp=0,skew,0.3,0,0,consumer-sts-0
2430,79.0,507351.63462162024,507369.0550327301,0.4177215189873418,2.6333333333333333,12.50632911392405,507363.47156763077,20260223_232437_skew,20260223_232437_skew | tm=skew sf=0.30 sp=0,skew,0.3,0,0,consumer-sts-0
2460,86.0,512687.5578045845,513555.5331707001,0.32558139534883723,2.8666666666666667,8.372093023255815,513381.93809747696,20260223_232437_skew,20260223_232437_skew | tm=skew sf=0.30 sp=0,skew,0.3,0,0,consumer-sts-0
2490,92.0,521190.3214144707,521191.0467147827,0.44565217391304346,3.066666666666667,14.347826086956523,521190.79166412354,20260223_232437_skew,20260223_232437_skew | tm=skew sf=0.30 sp=0,skew,0.3,0,0,consumer-sts-0
2520,77.0,524633.9296913147,528333.8351249695,0.3246753246753247,2.566666666666667,8.0,527700.9565639496,20260223_232437_skew,20260223_232437_skew | tm=skew sf=0.30 sp=0,skew,0.3,0,0,consumer-sts-0
2550,84.0,532769.0503811836,532844.2826271057,0.4642857142857143,2.8,11.142857142857144,532823.4351372719,20260223_232437_skew,20260223_232437_skew | tm=skew sf=0.30 sp=0,skew,0.3,0,0,consumer-sts-0
2580,67.0,535848.4163093567,536069.0279006958,0.3582089552238806,2.2333333333333334,9.671641791044776,536012.2037029266,20260223_232437_skew,20260223_232437_skew | tm=skew sf=0.30 sp=0,skew,0.3,0,0,consumer-sts-0
2610,90.0,545570.6166434288,545602.1902561188,0.4222222222222222,3.0,12.566666666666668,545592.2569847107,20260223_232437_skew,20260223_232437_skew | tm=skew sf=0.30 sp=0,skew,0.3,0,0,consumer-sts-0
2640,85.0,551578.9382839203,551584.3908786774,0.4470588235294118,2.8333333333333335,12.705882352941176,551582.5084352493,20260223_232437_skew,20260223_232437_skew | tm=skew sf=0.30 sp=0,skew,0.3,0,0,consumer-sts-0
2670,91.0,558749.5718479156,558811.0678195953,0.31868131868131866,3.033333333333333,8.703296703296703,558799.4519138336,20260223_232437_skew,20260223_232437_skew | tm=skew sf=0.30 sp=0,skew,0.3,0,0,consumer-sts-0
2700,77.0,563146.1682319641,563155.9891700745,0.36363636363636365,2.566666666666667,7.285714285714286,563153.9216041565,20260223_232437_skew,20260223_232437_skew | tm=skew sf=0.30 sp=0,skew,0.3,0,0,consumer-sts-0
2730,90.0,568595.9608125687,568701.6670703888,0.34444444444444444,3.0,10.266666666666667,568676.7251443863,20260223_232437_skew,20260223_232437_skew | tm=skew sf=0.30 sp=0,skew,0.3,0,0,consumer-sts-0
2760,57.0,571835.4573726654,572791.2042140961,0.3333333333333333,1.9,4.052631578947368,572688.8027667999,20260223_232437_skew,20260223_232437_skew | tm=skew sf=0.30 sp=0,skew,0.3,0,0,consumer-sts-0
2790,3.0,41.430296897888184,41.957855224609375,0.0,0.1,1.3333333333333333,,20260223_232437_skew,20260223_232437_skew | tm=skew sf=0.30 sp=0,skew,0.3,0,0,consumer-sts-0
0,39.0,19993.53642940521,20283.137321472168,0.717948717948718,1.3,9.333333333333334,20092.61041879654,20260223_235807_skew,20260223_235807_skew | tm=skew sf=0.80 sp=0,skew,0.8,0,0,consumer-sts-3
30,47.0,38393.844690322876,38567.77811050415,0.7021276595744681,1.5666666666666667,9.127659574468085,38446.780948638916,20260223_235807_skew,20260223_235807_skew | tm=skew sf=0.80 sp=0,skew,0.8,0,0,consumer-sts-3
60,53.0,57601.57187461853,57957.35168457031,0.660377358490566,1.7666666666666666,11.622641509433961,57772.61986017227,20260223_235807_skew,20260223_235807_skew | tm=skew sf=0.80 sp=0,skew,0.8,0,0,consumer-sts-3
90,56.0,76400.0146985054,76435.31823158264,0.5892857142857143,1.8666666666666667,11.392857142857142,76417.34552383423,20260223_235807_skew,20260223_235807_skew | tm=skew sf=0.80 sp=0,skew,0.8,0,0,consumer-sts-3
120,38.0,96303.66950511932,96332.49759674072,0.631578947368421,1.2666666666666666,8.5,96320.0313949585,20260223_235807_skew,20260223_235807_skew | tm=skew sf=0.80 sp=0,skew,0.8,0,0,consumer-sts-3
150,45.0,114701.02877616882,114714.79535102844,0.6888888888888889,1.5,9.822222222222223,114706.97343349457,20260223_235807_skew,20260223_235807_skew | tm=skew sf=0.80 sp=0,skew,0.8,0,0,consumer-sts-3
180,47.0,133475.2697467804,133494.58527565002,0.6595744680851063,1.5666666666666667,9.191489361702128,133483.66780281067,20260223_235807_skew,20260223_235807_skew | tm=skew sf=0.80 sp=0,skew,0.8,0,0,consumer-sts-3
210,32.0,149443.5957145691,150063.35949897766,0.625,1.0666666666666667,7.125,149703.49665641785,20260223_235807_skew,20260223_235807_skew | tm=skew sf=0.80 sp=0,skew,0.8,0,0,consumer-sts-3
240,53.0,170318.73560905457,171182.46603012085,0.5849056603773585,1.7666666666666666,9.50943396226415,170733.9906191826,20260223_235807_skew,20260223_235807_skew | tm=skew sf=0.80 sp=0,skew,0.8,0,0,consumer-sts-3
270,33.0,188081.26393318176,188423.11215400696,0.696969696969697,1.1,8.0,188198.77425909042,20260223_235807_skew,20260223_235807_skew | tm=skew sf=0.80 sp=0,skew,0.8,0,0,consumer-sts-3
300,39.0,208544.61522579193,208788.35940361023,0.717948717948718,1.3,9.23076923076923,208640.83003282547,20260223_235807_skew,20260223_235807_skew | tm=skew sf=0.80 sp=0,skew,0.8,0,0,consumer-sts-3
330,44.0,227012.67727136612,227042.1793460846,0.6818181818181818,1.4666666666666666,9.886363636363637,227022.96869277954,20260223_235807_skew,20260223_235807_skew | tm=skew sf=0.80 sp=0,skew,0.8,0,0,consumer-sts-3
360,51.0,245511.23797893524,245632.24411010745,0.6274509803921569,1.7,11.11764705882353,245569.3209218979,20260223_235807_skew,20260223_235807_skew | tm=skew sf=0.80 sp=0,skew,0.8,0,0,consumer-sts-3
390,37.0,265399.8259162903,265453.5856246948,0.5675675675675675,1.2333333333333334,9.08108108108108,265431.18574619293,20260223_235807_skew,20260223_235807_skew | tm=skew sf=0.80 sp=0,skew,0.8,0,0,consumer-sts-3
420,41.0,284451.6056537628,284544.9092388153,0.7804878048780488,1.3666666666666667,9.560975609756099,284481.9293189049,20260223_235807_skew,20260223_235807_skew | tm=skew sf=0.80 sp=0,skew,0.8,0,0,consumer-sts-3
450,48.0,301689.5198535919,302119.2569732666,0.6875,1.6,10.6875,301881.53005599976,20260223_235807_skew,20260223_235807_skew | tm=skew sf=0.80 sp=0,skew,0.8,0,0,consumer-sts-3
480,48.0,321388.2051730156,322002.79903411865,0.6041666666666666,1.6,10.291666666666668,321675.88740587234,20260223_235807_skew,20260223_235807_skew | tm=skew sf=0.80 sp=0,skew,0.8,0,0,consumer-sts-3
510,44.0,339455.10669231415,339687.3171329498,0.5909090909090909,1.4666666666666666,9.272727272727272,339563.11154842377,20260223_235807_skew,20260223_235807_skew | tm=skew sf=0.80 sp=0,skew,0.8,0,0,consumer-sts-3
540,33.0,359690.8038139343,359886.75260543823,0.6666666666666666,1.1,8.181818181818182,359782.6548099518,20260223_235807_skew,20260223_235807_skew | tm=skew sf=0.80 sp=0,skew,0.8,0,0,consumer-sts-3
570,33.0,377199.63923454285,377653.2485485077,0.7575757575757576,1.1,6.818181818181818,377313.04156303406,20260223_235807_skew,20260223_235807_skew | tm=skew sf=0.80 sp=0,skew,0.8,0,0,consumer-sts-3
600,53.0,397087.10255622864,397440.2894973755,0.7735849056603774,1.7666666666666666,11.547169811320755,397202.5675177574,20260223_235807_skew,20260223_235807_skew | tm=skew sf=0.80 sp=0,skew,0.8,0,0,consumer-sts-3
630,45.0,415010.01274108887,415245.8827495575,0.7111111111111111,1.5,10.577777777777778,415101.1443352699,20260223_235807_skew,20260223_235807_skew | tm=skew sf=0.80 sp=0,skew,0.8,0,0,consumer-sts-3
660,48.0,433374.2248988152,433426.6543388367,0.5208333333333334,1.6,11.458333333333334,433399.88185882574,20260223_235807_skew,20260223_235807_skew | tm=skew sf=0.80 sp=0,skew,0.8,0,0,consumer-sts-3
690,42.0,451656.3113284111,451759.996175766,0.7380952380952381,1.4,9.0,451694.2448091507,20260223_235807_skew,20260223_235807_skew | tm=skew sf=0.80 sp=0,skew,0.8,0,0,consumer-sts-3
720,44.0,472393.3264565468,472556.1168193817,0.6818181818181818,1.4666666666666666,9.227272727272727,472450.11379241943,20260223_235807_skew,20260223_235807_skew | tm=skew sf=0.80 sp=0,skew,0.8,0,0,consumer-sts-3
750,44.0,490734.2195415497,490915.1394367218,0.7954545454545454,1.4666666666666666,9.454545454545455,490784.708814621,20260223_235807_skew,20260223_235807_skew | tm=skew sf=0.80 sp=0,skew,0.8,0,0,consumer-sts-3
780,53.0,508766.6243553161,509256.7694187164,0.5283018867924528,1.7666666666666666,9.962264150943396,509039.9744868278,20260223_235807_skew,20260223_235807_skew | tm=skew sf=0.80 sp=0,skew,0.8,0,0,consumer-sts-3
810,43.0,529048.2385921478,529422.8420257568,0.4883720930232558,1.4333333333333333,9.767441860465118,529253.3785676956,20260223_235807_skew,20260223_235807_skew | tm=skew sf=0.80 sp=0,skew,0.8,0,0,consumer-sts-3
840,40.0,548499.2626309395,548821.1357593536,0.75,1.3333333333333333,9.45,548606.5536737442,20260223_235807_skew,20260223_235807_skew | tm=skew sf=0.80 sp=0,skew,0.8,0,0,consumer-sts-3
870,42.0,566157.0703244209,566261.2433433533,0.6428571428571429,1.4,9.142857142857142,566202.8048205376,20260223_235807_skew,20260223_235807_skew | tm=skew sf=0.80 sp=0,skew,0.8,0,0,consumer-sts-3
900,57.0,585678.5883426666,585751.9705295563,0.7192982456140351,1.9,11.333333333333334,585703.4858703613,20260223_235807_skew,20260223_235807_skew | tm=skew sf=0.80 sp=0,skew,0.8,0,0,consumer-sts-3
930,28.0,604004.6698975563,604139.0607357025,0.6428571428571429,0.9333333333333333,5.107142857142858,604079.3314743042,20260223_235807_skew,20260223_235807_skew | tm=skew sf=0.80 sp=0,skew,0.8,0,0,consumer-sts-3
960,52.0,622620.4411411285,622741.6241168976,0.6346153846153846,1.7333333333333334,12.269230769230768,622675.0922870636,20260223_235807_skew,20260223_235807_skew | tm=skew sf=0.80 sp=0,skew,0.8,0,0,consumer-sts-3
990,49.0,642439.992275238,642693.6440467834,0.7551020408163265,1.6333333333333333,10.0,642513.9740419388,20260223_235807_skew,20260223_235807_skew | tm=skew sf=0.80 sp=0,skew,0.8,0,0,consumer-sts-3
1020,46.0,661571.4486002922,661838.0465507507,0.6956521739130435,1.5333333333333334,10.56521739130435,661684.0121793747,20260223_235807_skew,20260223_235807_skew | tm=skew sf=0.80 sp=0,skew,0.8,0,0,consumer-sts-3
1050,35.0,679261.047782898,680559.5393180847,0.7142857142857143,1.1666666666666667,7.2,679795.7207679749,20260223_235807_skew,20260223_235807_skew | tm=skew sf=0.80 sp=0,skew,0.8,0,0,consumer-sts-3
1080,38.0,698819.3812179565,698910.258769989,0.7105263157894737,1.2666666666666666,8.894736842105264,698848.8550186157,20260223_235807_skew,20260223_235807_skew | tm=skew sf=0.80 sp=0,skew,0.8,0,0,consumer-sts-3
1110,40.0,718167.1397280693,718229.085445404,0.6,1.3333333333333333,9.6,718192.5533556938,20260223_235807_skew,20260223_235807_skew | tm=skew sf=0.80 sp=0,skew,0.8,0,0,consumer-sts-3
1140,41.0,736270.9383010864,736318.9778327942,0.6829268292682927,1.3666666666666667,8.878048780487806,736288.9531254768,20260223_235807_skew,20260223_235807_skew | tm=skew sf=0.80 sp=0,skew,0.8,0,0,consumer-sts-3
1170,47.0,756117.5825071335,756156.6870212555,0.723404255319149,1.5666666666666667,10.212765957446809,756130.3339791298,20260223_235807_skew,20260223_235807_skew | tm=skew sf=0.80 sp=0,skew,0.8,0,0,consumer-sts-3
1200,53.0,774603.7452888489,774781.7289829254,0.660377358490566,1.7666666666666666,10.584905660377359,774672.2005558014,20260223_235807_skew,20260223_235807_skew | tm=skew sf=0.80 sp=0,skew,0.8,0,0,consumer-sts-3
1230,44.0,793772.8245353699,793786.5080833435,0.75,1.4666666666666666,8.90909090909091,793777.9160881042,20260223_235807_skew,20260223_235807_skew | tm=skew sf=0.80 sp=0,skew,0.8,0,0,consumer-sts-3
1260,64.0,811869.7506356239,812556.1606884003,0.65625,2.1333333333333333,11.8125,812174.8217701912,20260223_235807_skew,20260223_235807_skew | tm=skew sf=0.80 sp=0,skew,0.8,0,0,consumer-sts-3
1290,46.0,831260.4730248451,831455.1939964294,0.717391304347826,1.5333333333333334,8.804347826086955,831342.6885461807,20260223_235807_skew,20260223_235807_skew | tm=skew sf=0.80 sp=0,skew,0.8,0,0,consumer-sts-3
1320,39.0,850640.6327152252,850682.2292804718,0.6923076923076923,1.3,8.974358974358974,850655.9577655792,20260223_235807_skew,20260223_235807_skew | tm=skew sf=0.80 sp=0,skew,0.8,0,0,consumer-sts-3
1350,42.0,868767.8418755531,869024.4569778442,0.6666666666666666,1.4,9.523809523809524,868874.2432594299,20260223_235807_skew,20260223_235807_skew | tm=skew sf=0.80 sp=0,skew,0.8,0,0,consumer-sts-3
1380,38.0,888204.177339077,888219.7597026825,0.5789473684210527,1.2666666666666666,8.052631578947368,888213.0213832855,20260223_235807_skew,20260223_235807_skew | tm=skew sf=0.80 sp=0,skew,0.8,0,0,consumer-sts-3
1410,37.0,905445.7896995543,906151.3710021971,0.7297297297297297,1.2333333333333334,8.108108108108107,905680.9834671019,20260223_235807_skew,20260223_235807_skew | tm=skew sf=0.80 sp=0,skew,0.8,0,0,consumer-sts-3
1440,37.0,926082.4857521057,926111.368894577,0.8108108108108109,1.2333333333333334,6.810810810810811,926089.7065377235,20260223_235807_skew,20260223_235807_skew | tm=skew sf=0.80 sp=0,skew,0.8,0,0,consumer-sts-3
1470,54.0,944991.2160706519,945081.2487602234,0.6851851851851852,1.8,11.333333333333334,945025.1906704903,20260223_235807_skew,20260223_235807_skew | tm=skew sf=0.80 sp=0,skew,0.8,0,0,consumer-sts-3
1500,50.0,962801.9147896767,963238.6176586152,0.68,1.6666666666666667,10.8,962980.1608586313,20260223_235807_skew,20260223_235807_skew | tm=skew sf=0.80 sp=0,skew,0.8,0,0,consumer-sts-3
1530,55.0,982673.0977487565,983162.4450683594,0.6727272727272727,1.8333333333333333,12.218181818181819,982881.5234589577,20260223_235807_skew,20260223_235807_skew | tm=skew sf=0.80 sp=0,skew,0.8,0,0,consumer-sts-3
1560,35.0,994033.5617733002,994523.5030651093,0.6571428571428571,1.1666666666666667,8.542857142857143,994206.4822292328,20260223_235807_skew,20260223_235807_skew | tm=skew sf=0.80 sp=0,skew,0.8,0,0,consumer-sts-3
0,96.0,3145.6784367561336,3327.74019241333,0.052083333333333336,3.2,2.604166666666667,27.258906364440918,20260224_003023_balanced,20260224_003023_balanced | tm=balanced sf=na sp=,balanced,,,58,consumer-sts-2
30,86.0,800.2371549606335,970.5219268798828,0.011627906976744186,2.8666666666666667,2.4418604651162794,,20260224_003023_balanced,20260224_003023_balanced | tm=balanced sf=na sp=,balanced,,,58,consumer-sts-2
60,98.0,869.1067123413086,891.352653503418,0.02040816326530612,3.2666666666666666,2.5,75.40791988372803,20260224_003023_balanced,20260224_003023_balanced | tm=balanced sf=na sp=,balanced,,,58,consumer-sts-2
90,108.0,652.9364514350873,840.703010559082,0.009259259259259259,3.6,2.314814814814815,663.8175225257874,20260224_003023_balanced,20260224_003023_balanced | tm=balanced sf=na sp=,balanced,,,58,consumer-sts-2
120,78.0,929.8109865188616,1264.6610736846924,0.02564102564102564,2.6,2.8205128205128207,,20260224_003023_balanced,20260224_003023_balanced | tm=balanced sf=na sp=,balanced,,,58,consumer-sts-2
150,100.0,1346.6762948036219,1814.3730163574216,0.04,3.3333333333333335,1.8800000000000001,1176.6817569732666,20260224_003023_balanced,20260224_003023_balanced | tm=balanced sf=na sp=,balanced,,,58,consumer-sts-2
180,79.0,822.9375743865961,1247.3108768463137,0.012658227848101266,2.6333333333333333,3.4556962025316458,,20260224_003023_balanced,20260224_003023_balanced | tm=balanced sf=na sp=,balanced,,,58,consumer-sts-2
210,101.0,834.0020179748535,1062.6964569091797,0.019801980198019802,3.3666666666666667,2.3267326732673266,24.62339401245117,20260224_003023_balanced,20260224_003023_balanced | tm=balanced sf=na sp=,balanced,,,58,consumer-sts-2
240,73.0,549.1279220581065,1180.3607940673828,0.0136986301369863,2.433333333333333,2.136986301369863,,20260224_003023_balanced,20260224_003023_balanced | tm=balanced sf=na sp=,balanced,,,58,consumer-sts-2
270,87.0,766.0441732406617,862.0748519897461,0.011494252873563218,2.9,2.413793103448276,,20260224_003023_balanced,20260224_003023_balanced | tm=balanced sf=na sp=,balanced,,,58,consumer-sts-2
300,99.0,968.6184167861933,1114.6743297576904,0.030303030303030304,3.3,2.373737373737374,1072.3087882995605,20260224_003023_balanced,20260224_003023_balanced | tm=balanced sf=na sp=,balanced,,,58,consumer-sts-2
330,69.0,498.34974288940157,767.2498226165771,0.0,2.3,2.0869565217391304,23.047208786010746,20260224_003023_balanced,20260224_003023_balanced | tm=balanced sf=na sp=,balanced,,,58,consumer-sts-2
360,87.0,608.1667232513429,846.4863300323486,0.011494252873563218,2.9,2.528735632183908,40.95983505249024,20260224_003023_balanced,20260224_003023_balanced | tm=balanced sf=na sp=,balanced,,,58,consumer-sts-2
390,87.0,711.2280750274658,794.583797454834,0.0,2.9,2.8160919540229887,55.86690902709961,20260224_003023_balanced,20260224_003023_balanced | tm=balanced sf=na sp=,balanced,,,58,consumer-sts-2
420,93.0,1034.6200180053704,1352.1134853363037,0.021505376344086023,3.1,2.5806451612903225,45.40855884552002,20260224_003023_balanced,20260224_003023_balanced | tm=balanced sf=na sp=,balanced,,,58,consumer-sts-2
450,93.0,586.3392066955565,674.1564273834229,0.0,3.1,3.096774193548387,29.747376441955566,20260224_003023_balanced,20260224_003023_balanced | tm=balanced sf=na sp=,balanced,,,58,consumer-sts-2
480,96.0,834.5035314559926,1192.3675537109375,0.020833333333333332,3.2,2.125,52.74505138397217,20260224_003023_balanced,20260224_003023_balanced | tm=balanced sf=na sp=,balanced,,,58,consumer-sts-2
510,71.0,807.5620174407957,855.6993007659912,0.014084507042253521,2.3666666666666667,2.591549295774648,,20260224_003023_balanced,20260224_003023_balanced | tm=balanced sf=na sp=,balanced,,,58,consumer-sts-2
540,106.0,208.8233232498171,264.74690437316895,0.0,3.533333333333333,2.4056603773584904,40.537405014038086,20260224_003023_balanced,20260224_003023_balanced | tm=balanced sf=na sp=,balanced,,,58,consumer-sts-2
570,89.0,895.1620960235606,1086.2205028533936,0.02247191011235955,2.966666666666667,2.528089887640449,,20260224_003023_balanced,20260224_003023_balanced | tm=balanced sf=na sp=,balanced,,,58,consumer-sts-2
600,79.0,687.2897672653196,839.5872116088867,0.012658227848101266,2.6333333333333333,2.911392405063291,17.684459686279297,20260224_003023_balanced,20260224_003023_balanced | tm=balanced sf=na sp=,balanced,,,58,consumer-sts-2
630,102.0,860.332486629486,869.0924644470215,0.0392156862745098,3.4,2.941176470588235,844.0826463699339,20260224_003023_balanced,20260224_003023_balanced | tm=balanced sf=na sp=,balanced,,,58,consumer-sts-2
660,85.0,587.03441619873,710.848331451416,0.0,2.8333333333333335,2.211764705882353,,20260224_003023_balanced,20260224_003023_balanced | tm=balanced sf=na sp=,balanced,,,58,consumer-sts-2
690,78.0,1098.656680583954,1156.348705291748,0.02564102564102564,2.6,2.0512820512820515,47.52359867095947,20260224_003023_balanced,20260224_003023_balanced | tm=balanced sf=na sp=,balanced,,,58,consumer-sts-2
720,82.0,908.5899400711049,1295.2370643615725,0.024390243902439025,2.7333333333333334,2.804878048780488,810.0531220436096,20260224_003023_balanced,20260224_003023_balanced | tm=balanced sf=na sp=,balanced,,,58,consumer-sts-2
750,79.0,357.4394369125364,464.482307434082,0.0,2.6333333333333333,2.5949367088607596,,20260224_003023_balanced,20260224_003023_balanced | tm=balanced sf=na sp=,balanced,,,58,consumer-sts-2
780,79.0,679.7345399856567,705.251932144165,0.0,2.6333333333333333,1.860759493670886,,20260224_003023_balanced,20260224_003023_balanced | tm=balanced sf=na sp=,balanced,,,58,consumer-sts-2
810,74.0,692.788677215575,905.9102535247804,0.013513513513513514,2.466666666666667,2.8378378378378377,,20260224_003023_balanced,20260224_003023_balanced | tm=balanced sf=na sp=,balanced,,,58,consumer-sts-2
840,87.0,817.6597213745117,846.8258380889893,0.04597701149425287,2.9,2.160919540229885,,20260224_003023_balanced,20260224_003023_balanced | tm=balanced sf=na sp=,balanced,,,58,consumer-sts-2
870,74.0,228.39924812316866,279.2978286743164,0.0,2.466666666666667,2.4864864864864864,72.32448101043701,20260224_003023_balanced,20260224_003023_balanced | tm=balanced sf=na sp=,balanced,,,58,consumer-sts-2
900,90.0,672.502815723419,1020.8115577697754,0.011111111111111112,3.0,3.5,20.32017707824707,20260224_003023_balanced,20260224_003023_balanced | tm=balanced sf=na sp=,balanced,,,58,consumer-sts-2
930,66.0,632.5756907463063,753.7181377410889,0.0,2.2,2.606060606060606,28.385562896728516,20260224_003023_balanced,20260224_003023_balanced | tm=balanced sf=na sp=,balanced,,,58,consumer-sts-2
960,77.0,879.4676876068107,991.9946193695068,0.025974025974025976,2.566666666666667,2.2857142857142856,47.080039978027344,20260224_003023_balanced,20260224_003023_balanced | tm=balanced sf=na sp=,balanced,,,58,consumer-sts-2
990,103.0,685.5570125579834,799.2002964019775,0.0,3.433333333333333,3.262135922330097,235.98699569702148,20260224_003023_balanced,20260224_003023_balanced | tm=balanced sf=na sp=,balanced,,,58,consumer-sts-2
1020,95.0,568.6614608764654,810.0616931915283,0.010526315789473684,3.1666666666666665,2.5789473684210527,37.79049158096313,20260224_003023_balanced,20260224_003023_balanced | tm=balanced sf=na sp=,balanced,,,58,consumer-sts-2
1050,93.0,522.9729080200184,1107.6245307922363,0.010752688172043012,3.1,2.10752688172043,25.023474693298343,20260224_003023_balanced,20260224_003023_balanced | tm=balanced sf=na sp=,balanced,,,58,consumer-sts-2
1080,85.0,798.7246894836416,1052.9146194458008,0.011764705882352941,2.8333333333333335,2.588235294117647,29.805102348327637,20260224_003023_balanced,20260224_003023_balanced | tm=balanced sf=na sp=,balanced,,,58,consumer-sts-2
1110,76.0,535.3111624717712,543.7917709350586,0.0,2.533333333333333,3.3157894736842106,86.4654302597046,20260224_003023_balanced,20260224_003023_balanced | tm=balanced sf=na sp=,balanced,,,58,consumer-sts-2
1140,92.0,713.2146859169007,744.8625564575195,0.0,3.066666666666667,3.5760869565217392,32.13365316390991,20260224_003023_balanced,20260224_003023_balanced | tm=balanced sf=na sp=,balanced,,,58,consumer-sts-2
1170,102.0,1248.7616848945593,1701.470136642456,0.0196078431372549,3.4,2.8823529411764706,53.99473190307617,20260224_003023_balanced,20260224_003023_balanced | tm=balanced sf=na sp=,balanced,,,58,consumer-sts-2
1200,81.0,1007.5321674346924,1034.1274738311768,0.037037037037037035,2.7,2.2222222222222223,34.28267955780029,20260224_003023_balanced,20260224_003023_balanced | tm=balanced sf=na sp=,balanced,,,58,consumer-sts-2
1230,91.0,932.5998544692993,950.124979019165,0.03296703296703297,3.033333333333333,2.3626373626373622,20.109176635742188,20260224_003023_balanced,20260224_003023_balanced | tm=balanced sf=na sp=,balanced,,,58,consumer-sts-2
1260,91.0,721.1319208145126,967.4434661865234,0.01098901098901099,3.033333333333333,2.1978021978021975,35.410146713256836,20260224_003023_balanced,20260224_003023_balanced | tm=balanced sf=na sp=,balanced,,,58,consumer-sts-2
1290,101.0,857.1906089782715,926.87726020813,0.019801980198019802,3.3666666666666667,2.792079207920792,34.95323181152344,20260224_003023_balanced,20260224_003023_balanced | tm=balanced sf=na sp=,balanced,,,58,consumer-sts-2
1320,90.0,994.2613077163695,1000.5078315734864,0.03333333333333333,3.0,2.5555555555555554,21.857500076293945,20260224_003023_balanced,20260224_003023_balanced | tm=balanced sf=na sp=,balanced,,,58,consumer-sts-2
1350,18.0,584.6047782897945,624.5138645172119,0.0,0.6,1.6666666666666667,,20260224_003023_balanced,20260224_003023_balanced | tm=balanced sf=na sp=,balanced,,,58,consumer-sts-2
0,80.0,7097.40744113922,7257.731914520264,0.4,2.6666666666666665,10.2,7211.05516910553,20260224_010612_skew,20260224_010612_skew | tm=skew sf=0.30 sp=0,skew,0.3,0,0,consumer-sts-5
30,79.0,12840.136613845825,12914.362907409668,0.379746835443038,2.6333333333333333,9.620253164556962,12896.282143592834,20260224_010612_skew,20260224_010612_skew | tm=skew sf=0.30 sp=0,skew,0.3,0,0,consumer-sts-5
60,70.0,18958.07157278061,19312.695503234863,0.4142857142857143,2.3333333333333335,8.742857142857144,18731.51051044464,20260224_010612_skew,20260224_010612_skew | tm=skew sf=0.30 sp=0,skew,0.3,0,0,consumer-sts-5
90,77.0,25213.758363723755,25352.41460800171,0.38961038961038963,2.566666666666667,10.285714285714286,25314.10169839859,20260224_010612_skew,20260224_010612_skew | tm=skew sf=0.30 sp=0,skew,0.3,0,0,consumer-sts-5
120,67.0,31141.37308597565,31370.99599838257,0.3880597014925373,2.2333333333333334,10.970149253731343,31301.4132976532,20260224_010612_skew,20260224_010612_skew | tm=skew sf=0.30 sp=0,skew,0.3,0,0,consumer-sts-5
150,76.0,37461.4372253418,37524.816036224365,0.39473684210526316,2.533333333333333,9.736842105263158,37395.86106300354,20260224_010612_skew,20260224_010612_skew | tm=skew sf=0.30 sp=0,skew,0.3,0,0,consumer-sts-5
180,70.0,42994.987027645126,46921.417236328125,0.32857142857142857,2.3333333333333335,8.785714285714286,41226.902866363525,20260224_010612_skew,20260224_010612_skew | tm=skew sf=0.30 sp=0,skew,0.3,0,0,consumer-sts-5
210,85.0,47889.09856796263,52068.55630874634,0.35294117647058826,2.8333333333333335,9.141176470588235,46856.0263633728,20260224_010612_skew,20260224_010612_skew | tm=skew sf=0.30 sp=0,skew,0.3,0,0,consumer-sts-5
240,81.0,51915.572690963745,51967.063665390015,0.43209876543209874,2.7,12.222222222222221,51948.39818716049,20260224_010612_skew,20260224_010612_skew | tm=skew sf=0.30 sp=0,skew,0.3,0,0,consumer-sts-5
270,80.0,60115.50244808196,60782.52339363098,0.425,2.6666666666666665,10.762500000000001,58145.026540756226,20260224_010612_skew,20260224_010612_skew | tm=skew sf=0.30 sp=0,skew,0.3,0,0,consumer-sts-5
300,80.0,66304.68881845474,66330.17134666443,0.35,2.6666666666666665,9.025,66324.3652009964,20260224_010612_skew,20260224_010612_skew | tm=skew sf=0.30 sp=0,skew,0.3,0,0,consumer-sts-5
330,78.0,70350.0629234314,70400.15959739685,0.3076923076923077,2.6,8.615384615384615,70390.40050506592,20260224_010612_skew,20260224_010612_skew | tm=skew sf=0.30 sp=0,skew,0.3,0,0,consumer-sts-5
360,83.0,79086.88678264618,79124.99642372131,0.37349397590361444,2.7666666666666666,9.80722891566265,79115.23663759232,20260224_010612_skew,20260224_010612_skew | tm=skew sf=0.30 sp=0,skew,0.3,0,0,consumer-sts-5
390,80.0,84152.00039625168,84176.92804336548,0.275,2.6666666666666665,6.65,84172.82602548599,20260224_010612_skew,20260224_010612_skew | tm=skew sf=0.30 sp=0,skew,0.3,0,0,consumer-sts-5
420,85.0,90371.57493591309,90436.8212223053,0.27058823529411763,2.8333333333333335,7.152941176470588,90425.17009973526,20260224_010612_skew,20260224_010612_skew | tm=skew sf=0.30 sp=0,skew,0.3,0,0,consumer-sts-5
450,69.0,96577.40792274474,98539.22510147096,0.36231884057971014,2.3,9.73913043478261,97962.22004890443,20260224_010612_skew,20260224_010612_skew | tm=skew sf=0.30 sp=0,skew,0.3,0,0,consumer-sts-5
480,82.0,105031.78048849107,105334.3472480774,0.3048780487804878,2.7333333333333334,9.963414634146341,105267.11019039156,20260224_010612_skew,20260224_010612_skew | tm=skew sf=0.30 sp=0,skew,0.3,0,0,consumer-sts-5
510,90.0,109677.57884502411,109714.24698829652,0.4,3.0,12.42222222222222,109703.94694805147,20260224_010612_skew,20260224_010612_skew | tm=skew sf=0.30 sp=0,skew,0.3,0,0,consumer-sts-5
540,77.0,116756.45139694214,116804.74758148192,0.2987012987012987,2.566666666666667,7.090909090909091,116796.48639202116,20260224_010612_skew,20260224_010612_skew | tm=skew sf=0.30 sp=0,skew,0.3,0,0,consumer-sts-5
570,62.0,120907.18708992004,120961.71021461488,0.3387096774193548,2.066666666666667,7.983870967741935,120949.19671058656,20260224_010612_skew,20260224_010612_skew | tm=skew sf=0.30 sp=0,skew,0.3,0,0,consumer-sts-5
600,83.0,128881.86712741852,128934.35955047607,0.43373493975903615,2.7666666666666666,12.289156626506022,128915.79515695572,20260224_010612_skew,20260224_010612_skew | tm=skew sf=0.30 sp=0,skew,0.3,0,0,consumer-sts-5
630,78.0,134092.9588651657,134110.8467578888,0.3076923076923077,2.6,9.961538461538462,134106.2005519867,20260224_010612_skew,20260224_010612_skew | tm=skew sf=0.30 sp=0,skew,0.3,0,0,consumer-sts-5
660,70.0,140103.1006884575,140187.57152557373,0.4857142857142857,2.3333333333333335,10.285714285714286,140164.311439991,20260224_010612_skew,20260224_010612_skew | tm=skew sf=0.30 sp=0,skew,0.3,0,0,consumer-sts-5
690,79.0,147282.60061264038,147621.64616584778,0.3924050632911392,2.6333333333333333,10.30379746835443,147530.36467075348,20260224_010612_skew,20260224_010612_skew | tm=skew sf=0.30 sp=0,skew,0.3,0,0,consumer-sts-5
720,83.0,152831.27275943756,152999.3541240692,0.3614457831325301,2.7666666666666666,11.08433734939759,152954.25912380219,20260224_010612_skew,20260224_010612_skew | tm=skew sf=0.30 sp=0,skew,0.3,0,0,consumer-sts-5
750,92.0,158338.62827777863,158418.7662601471,0.3695652173913043,3.066666666666667,9.56521739130435,158400.27287960052,20260224_010612_skew,20260224_010612_skew | tm=skew sf=0.30 sp=0,skew,0.3,0,0,consumer-sts-5
780,88.0,166247.2491645813,166309.04746055603,0.36363636363636365,2.933333333333333,10.75,166294.13063049316,20260224_010612_skew,20260224_010612_skew | tm=skew sf=0.30 sp=0,skew,0.3,0,0,consumer-sts-5
810,88.0,168791.61174297333,170780.2722454071,0.3977272727272727,2.933333333333333,12.09090909090909,170163.1017446518,20260224_010612_skew,20260224_010612_skew | tm=skew sf=0.30 sp=0,skew,0.3,0,0,consumer-sts-5
840,92.0,174809.32381391525,174831.08043670654,0.30434782608695654,3.066666666666667,8.608695652173914,174827.0160126686,20260224_010612_skew,20260224_010612_skew | tm=skew sf=0.30 sp=0,skew,0.3,0,0,consumer-sts-5
870,87.0,182384.93965625766,182828.57871055603,0.3103448275862069,2.9,11.781609195402298,182704.77246284485,20260224_010612_skew,20260224_010612_skew | tm=skew sf=0.30 sp=0,skew,0.3,0,0,consumer-sts-5
900,88.0,188527.44332313535,188546.65660858157,0.36363636363636365,2.933333333333333,8.795454545454545,188542.90228843692,20260224_010612_skew,20260224_010612_skew | tm=skew sf=0.30 sp=0,skew,0.3,0,0,consumer-sts-5
930,72.0,195870.13288974762,195915.6403541565,0.3472222222222222,2.4,9.0,195904.74420070648,20260224_010612_skew,20260224_010612_skew | tm=skew sf=0.30 sp=0,skew,0.3,0,0,consumer-sts-5
960,97.0,199393.22637557983,199403.69176864624,0.41237113402061853,3.2333333333333334,13.45360824742268,199400.6393623352,20260224_010612_skew,20260224_010612_skew | tm=skew sf=0.30 sp=0,skew,0.3,0,0,consumer-sts-5
990,82.0,207875.7233762741,207972.3744392395,0.35365853658536583,2.7333333333333334,9.5,207950.8964252472,20260224_010612_skew,20260224_010612_skew | tm=skew sf=0.30 sp=0,skew,0.3,0,0,consumer-sts-5
1020,80.0,214875.5478835106,216472.16248512268,0.4,2.6666666666666665,10.0,216088.16656827927,20260224_010612_skew,20260224_010612_skew | tm=skew sf=0.30 sp=0,skew,0.3,0,0,consumer-sts-5
1050,71.0,221761.23559474945,221897.56298065183,0.3380281690140845,2.3666666666666667,7.661971830985915,221866.4024353027,20260224_010612_skew,20260224_010612_skew | tm=skew sf=0.30 sp=0,skew,0.3,0,0,consumer-sts-5
1080,82.0,228307.62622356418,228333.370923996,0.25609756097560976,2.7333333333333334,8.0,228328.603386879,20260224_010612_skew,20260224_010612_skew | tm=skew sf=0.30 sp=0,skew,0.3,0,0,consumer-sts-5
1110,99.0,234097.28089809418,234107.51080513,0.32323232323232326,3.3,7.727272727272727,234105.8406162262,20260224_010612_skew,20260224_010612_skew | tm=skew sf=0.30 sp=0,skew,0.3,0,0,consumer-sts-5
1140,93.0,240453.41446876526,241058.13550949097,0.3225806451612903,3.1,9.806451612903226,240939.82052326202,20260224_010612_skew,20260224_010612_skew | tm=skew sf=0.30 sp=0,skew,0.3,0,0,consumer-sts-5
1170,98.0,248273.86534690857,248327.49223709104,0.32653061224489793,3.2666666666666666,8.26530612244898,248318.09370994565,20260224_010612_skew,20260224_010612_skew | tm=skew sf=0.30 sp=0,skew,0.3,0,0,consumer-sts-5
1200,72.0,251297.62282133105,253181.85925483704,0.2361111111111111,2.4,5.666666666666667,252889.9353003502,20260224_010612_skew,20260224_010612_skew | tm=skew sf=0.30 sp=0,skew,0.3,0,0,consumer-sts-5
1230,81.0,258292.51751899716,259206.96663856503,0.2839506172839506,2.7,7.901234567901235,259035.50742864606,20260224_010612_skew,20260224_010612_skew | tm=skew sf=0.30 sp=0,skew,0.3,0,0,consumer-sts-5
1260,78.0,265751.5619421005,265803.01308631897,0.34615384615384615,2.6,10.717948717948717,265788.9809560776,20260224_010612_skew,20260224_010612_skew | tm=skew sf=0.30 sp=0,skew,0.3,0,0,consumer-sts-5
1290,79.0,270326.18097782135,270616.81294441223,0.34177215189873417,2.6333333333333333,10.367088607594937,270542.29192733765,20260224_010612_skew,20260224_010612_skew | tm=skew sf=0.30 sp=0,skew,0.3,0,0,consumer-sts-5
1320,95.0,276527.6458263397,276639.9042606354,0.35789473684210527,3.1666666666666665,11.221052631578948,276610.0482940674,20260224_010612_skew,20260224_010612_skew | tm=skew sf=0.30 sp=0,skew,0.3,0,0,consumer-sts-5
1350,90.0,283479.4397544861,283573.19235801697,0.4111111111111111,3.0,9.966666666666667,283550.01755714417,20260224_010612_skew,20260224_010612_skew | tm=skew sf=0.30 sp=0,skew,0.3,0,0,consumer-sts-5
1380,79.0,288909.7614812851,290561.08832359314,0.46835443037974683,2.6333333333333333,12.151898734177214,290074.1586136818,20260224_010612_skew,20260224_010612_skew | tm=skew sf=0.30 sp=0,skew,0.3,0,0,consumer-sts-5
1410,81.0,294271.53992652893,294310.8685016632,0.38271604938271603,2.7,11.666666666666666,294298.08671474457,20260224_010612_skew,20260224_010612_skew | tm=skew sf=0.30 sp=0,skew,0.3,0,0,consumer-sts-5
1440,91.0,301746.71919345856,302876.0178089142,0.24175824175824176,3.033333333333333,6.923076923076923,302712.8968977928,20260224_010612_skew,20260224_010612_skew | tm=skew sf=0.30 sp=0,skew,0.3,0,0,consumer-sts-5
1470,75.0,308246.8126678467,308301.1417388916,0.4533333333333333,2.5,9.52,308286.45820617676,20260224_010612_skew,20260224_010612_skew | tm=skew sf=0.30 sp=0,skew,0.3,0,0,consumer-sts-5
1500,103.0,312067.8585720062,312079.1552066803,0.36893203883495146,3.433333333333333,10.854368932038836,312076.71439647675,20260224_010612_skew,20260224_010612_skew | tm=skew sf=0.30 sp=0,skew,0.3,0,0,consumer-sts-5
1530,84.0,320590.84709882736,320706.3252925873,0.38095238095238093,2.8,12.202380952380953,320672.93400764465,20260224_010612_skew,20260224_010612_skew | tm=skew sf=0.30 sp=0,skew,0.3,0,0,consumer-sts-5
1560,94.0,326786.04835510254,327358.5906028748,0.35106382978723405,3.1333333333333333,9.191489361702127,327216.99413299566,20260224_010612_skew,20260224_010612_skew | tm=skew sf=0.30 sp=0,skew,0.3,0,0,consumer-sts-5
1590,89.0,333490.63596725464,333505.67293167114,0.3595505617977528,2.966666666666667,9.393258426966293,333502.08456516266,20260224_010612_skew,20260224_010612_skew | tm=skew sf=0.30 sp=0,skew,0.3,0,0,consumer-sts-5
1620,83.0,337526.03405475616,339178.6997318268,0.46987951807228917,2.7666666666666666,10.084337349397591,338654.68378543854,20260224_010612_skew,20260224_010612_skew | tm=skew sf=0.30 sp=0,skew,0.3,0,0,consumer-sts-5
1650,44.0,344268.02686214447,344791.30959510803,0.4318181818181818,1.4666666666666666,8.181818181818182,344620.9384727478,20260224_010612_skew,20260224_010612_skew | tm=skew sf=0.30 sp=0,skew,0.3,0,0,consumer-sts-5
