pod,traffic_mode,topics,window_total,window_viol,msg_rate_window,lat_window_seconds,lat_count_window,lat_p95_ms,lat_p99_ms,cpu_percent,mem_percent,uptime_sec,total_lag,max_lag,lag_skew_ratio,consumed_total,file,viol_rate,t_bucket
consumer-sts-0,skew,B0-R100-20260224-003716_0,370,27,6.166667,30.0,370,1436.528,3053.327,0.0,14.6,30.031,0.0,0.0,0.0,370,consumer_metrics_run-20260224-003716_consumer-sts-0.csv,0.07297297297297298,30
consumer-sts-0,skew,B0-R100-20260224-003716_0,1206,43,20.1,30.0,835,559.423,1163.386,7.6,14.6,60.061,24.0,7.0,2.333333,1206,consumer_metrics_run-20260224-003716_consumer-sts-0.csv,0.03565505804311774,60
consumer-sts-0,skew,B0-R100-20260224-003716_0,1663,27,27.716667,30.0,828,455.601,849.276,6.2,14.6,90.092,12.0,3.0,2.0,2034,consumer_metrics_run-20260224-003716_consumer-sts-0.csv,0.016235718580877932,90
consumer-sts-0,skew,B0-R100-20260224-003716_0,1634,29,27.233333,30.0,806,373.132,1043.126,7.2,14.6,120.121,9.0,4.0,3.555556,2840,consumer_metrics_run-20260224-003716_consumer-sts-0.csv,0.017747858017135864,120
consumer-sts-0,skew,B0-R100-20260224-003716_0,1591,31,26.516667,30.0,779,300.569,924.604,6.1,14.6,150.149,15.0,5.0,2.666667,3619,consumer_metrics_run-20260224-003716_consumer-sts-0.csv,0.01948460087994972,150
consumer-sts-0,skew,B0-R100-20260224-003716_0,1646,66,27.433333,30.0,866,846.57,1405.02,9.4,14.7,180.177,29.0,15.0,4.137931,4485,consumer_metrics_run-20260224-003716_consumer-sts-0.csv,0.040097205346294046,180
consumer-sts-0,skew,B0-R100-20260224-003716_0,1697,75,28.283333,30.0,831,591.747,972.045,10.2,14.7,210.206,15.0,5.0,2.666667,5316,consumer_metrics_run-20260224-003716_consumer-sts-0.csv,0.04419563936358279,210
consumer-sts-0,skew,B0-R100-20260224-003716_0,1626,49,27.1,30.0,795,613.34,1529.457,8.9,14.6,240.237,14.0,4.0,2.285714,6111,consumer_metrics_run-20260224-003716_consumer-sts-0.csv,0.03013530135301353,240
consumer-sts-0,skew,B0-R100-20260224-003716_0,1608,53,26.8,30.0,812,375.648,1041.038,8.8,14.7,270.265,12.0,4.0,2.666667,6923,consumer_metrics_run-20260224-003716_consumer-sts-0.csv,0.03296019900497513,270
consumer-sts-0,skew,B0-R100-20260224-003716_0,1695,30,28.25,30.0,882,341.583,683.406,10.1,14.6,300.285,10.0,4.0,3.2,7805,consumer_metrics_run-20260224-003716_consumer-sts-0.csv,0.017699115044247787,300
consumer-sts-0,skew,B0-R100-20260224-003716_0,1741,52,29.016667,30.0,855,933.771,1280.455,9.5,14.6,330.313,26.0,7.0,2.153846,8660,consumer_metrics_run-20260224-003716_consumer-sts-0.csv,0.02986789201608271,330
consumer-sts-0,skew,B0-R100-20260224-003716_0,1691,48,28.183333,30.0,830,200.221,360.312,9.1,14.6,360.341,6.0,2.0,2.666667,9490,consumer_metrics_run-20260224-003716_consumer-sts-0.csv,0.028385570668243643,360
consumer-sts-0,skew,B0-R100-20260224-003716_0,1730,14,28.833333,30.0,900,503.214,886.778,8.7,14.6,390.369,10.0,5.0,4.0,10390,consumer_metrics_run-20260224-003716_consumer-sts-0.csv,0.008092485549132947,390
consumer-sts-0,skew,B0-R100-20260224-003716_0,1704,32,28.4,30.0,804,412.588,1069.165,8.8,14.6,420.397,20.0,6.0,2.4,11194,consumer_metrics_run-20260224-003716_consumer-sts-0.csv,0.018779342723004695,420
consumer-sts-0,skew,B0-R100-20260224-003716_0,1659,19,27.65,30.0,855,184.951,409.485,7.3,14.6,450.426,8.0,2.0,2.0,12049,consumer_metrics_run-20260224-003716_consumer-sts-0.csv,0.011452682338758288,450
consumer-sts-0,skew,B0-R100-20260224-003716_0,1691,4,28.183333,30.0,833,342.793,644.361,8.8,14.6,480.457,19.0,7.0,2.947368,12882,consumer_metrics_run-20260224-003716_consumer-sts-0.csv,0.002365464222353637,480
consumer-sts-0,skew,B0-R100-20260224-003716_0,1702,9,28.366667,30.0,869,328.185,790.579,7.8,14.6,510.485,9.0,4.0,3.555556,13751,consumer_metrics_run-20260224-003716_consumer-sts-0.csv,0.005287896592244419,510
consumer-sts-0,skew,B0-R100-20260224-003716_0,1694,17,28.233333,30.0,825,479.131,833.927,8.1,14.6,540.49,17.0,6.0,2.823529,14576,consumer_metrics_run-20260224-003716_consumer-sts-0.csv,0.010035419126328217,540
consumer-sts-0,skew,B0-R100-20260224-003716_0,1715,18,28.583333,30.0,890,362.337,785.891,6.4,14.6,570.521,19.0,6.0,2.526316,15466,consumer_metrics_run-20260224-003716_consumer-sts-0.csv,0.010495626822157435,570
consumer-sts-0,skew,B0-R100-20260224-003716_0,1746,12,29.1,30.0,856,172.438,782.201,7.3,14.6,600.552,7.0,2.0,2.285714,16322,consumer_metrics_run-20260224-003716_consumer-sts-0.csv,0.006872852233676976,600
consumer-sts-0,skew,B0-R100-20260224-003716_0,1650,24,27.5,30.0,794,492.519,1132.88,6.2,14.6,630.565,20.0,5.0,2.0,17116,consumer_metrics_run-20260224-003716_consumer-sts-0.csv,0.014545454545454545,630
consumer-sts-0,skew,B0-R100-20260224-003716_0,1636,45,27.266667,30.0,841,493.222,1064.633,7.1,14.6,660.593,24.0,6.0,2.0,17957,consumer_metrics_run-20260224-003716_consumer-sts-0.csv,0.02750611246943765,660
consumer-sts-0,skew,B0-R100-20260224-003716_0,1693,51,28.216667,30.0,852,545.058,1223.542,6.1,14.6,690.621,5.0,2.0,3.2,18809,consumer_metrics_run-20260224-003716_consumer-sts-0.csv,0.030124040165386886,690
consumer-sts-0,skew,B0-R100-20260224-003716_0,1718,45,28.633333,30.0,866,466.814,1049.6,7.0,14.6,720.649,13.0,5.0,3.076923,19675,consumer_metrics_run-20260224-003716_consumer-sts-0.csv,0.02619324796274738,720
consumer-sts-0,skew,B0-R100-20260224-003716_0,1729,36,28.816667,30.0,863,399.543,1070.076,5.9,14.6,750.68,13.0,4.0,2.461538,20538,consumer_metrics_run-20260224-003716_consumer-sts-0.csv,0.020821283979178717,750
consumer-sts-0,skew,B0-R100-20260224-003716_0,1726,24,28.766667,30.0,862,360.319,784.061,7.4,14.6,780.709,12.0,4.0,2.666667,21400,consumer_metrics_run-20260224-003716_consumer-sts-0.csv,0.013904982618771726,780
consumer-sts-0,skew,B0-R100-20260224-003716_0,1656,16,27.6,30.0,793,329.16,787.062,6.0,14.6,810.737,6.0,2.0,2.666667,22193,consumer_metrics_run-20260224-003716_consumer-sts-0.csv,0.00966183574879227,810
consumer-sts-0,skew,B0-R100-20260224-003716_0,1632,8,27.2,30.0,839,181.34,644.669,7.2,14.6,840.751,6.0,2.0,2.666667,23032,consumer_metrics_run-20260224-003716_consumer-sts-0.csv,0.004901960784313725,840
consumer-sts-0,skew,B0-R100-20260224-003716_0,1643,10,27.383333,30.0,804,371.324,811.787,7.8,14.6,870.781,13.0,5.0,3.076923,23836,consumer_metrics_run-20260224-003716_consumer-sts-0.csv,0.006086427267194157,870
consumer-sts-0,skew,B0-R100-20260224-003716_0,1652,40,27.533333,30.0,848,661.843,1153.454,9.5,14.6,900.809,20.0,8.0,3.2,24684,consumer_metrics_run-20260224-003716_consumer-sts-0.csv,0.024213075060532687,900
consumer-sts-0,skew,B0-R100-20260224-003716_0,1719,31,28.65,30.0,863,261.584,656.753,6.2,14.6,930.837,10.0,3.0,2.4,25547,consumer_metrics_run-20260224-003716_consumer-sts-0.csv,0.018033740546829553,930
consumer-sts-0,skew,B0-R100-20260224-003716_0,1681,46,28.016667,30.0,818,829.124,1302.681,9.4,14.6,960.865,12.0,4.0,2.666667,26365,consumer_metrics_run-20260224-003716_consumer-sts-0.csv,0.027364663890541343,960
consumer-sts-0,skew,B0-R100-20260224-003716_0,1657,75,27.616667,30.0,839,611.172,1010.232,6.4,14.6,990.885,19.0,7.0,2.947368,27204,consumer_metrics_run-20260224-003716_consumer-sts-0.csv,0.045262522631261314,990
consumer-sts-0,skew,B0-R100-20260224-003716_0,1656,71,27.6,30.0,817,764.19,1265.568,7.4,14.6,1020.916,20.0,7.0,2.8,28021,consumer_metrics_run-20260224-003716_consumer-sts-0.csv,0.042874396135265704,1020
consumer-sts-0,skew,B0-R100-20260224-003716_0,1671,56,27.85,30.0,854,439.352,872.22,6.1,14.6,1050.945,17.0,6.0,2.823529,28875,consumer_metrics_run-20260224-003716_consumer-sts-0.csv,0.033512866546977854,1050
consumer-sts-0,skew,B0-R100-20260224-003716_0,1677,59,27.95,30.0,823,823.68,1470.488,8.1,14.6,1080.973,19.0,5.0,2.105263,29698,consumer_metrics_run-20260224-003716_consumer-sts-0.csv,0.035181872391174714,1080
consumer-sts-0,skew,B0-R100-20260224-003716_0,1638,48,27.3,30.0,813,299.501,522.507,7.1,14.6,1111.001,8.0,3.0,3.0,30511,consumer_metrics_run-20260224-003716_consumer-sts-0.csv,0.029304029304029304,1110
consumer-sts-0,skew,B0-R100-20260224-003716_0,1686,19,28.1,30.0,873,460.948,921.405,9.7,14.6,1141.029,19.0,5.0,2.105263,31384,consumer_metrics_run-20260224-003716_consumer-sts-0.csv,0.011269276393831554,1140
consumer-sts-0,skew,B0-R100-20260224-003716_0,1670,46,27.833333,30.0,797,621.927,1201.574,7.0,14.6,1171.06,22.0,10.0,3.636364,32181,consumer_metrics_run-20260224-003716_consumer-sts-0.csv,0.027544910179640718,1170
consumer-sts-0,skew,B0-R100-20260224-003716_0,1679,53,27.983333,30.0,876,453.313,895.19,7.2,14.6,1201.091,13.0,4.0,2.461538,33057,consumer_metrics_run-20260224-003716_consumer-sts-0.csv,0.03156640857653365,1200
consumer-sts-0,skew,B0-R100-20260224-003716_0,1683,61,28.05,30.0,804,786.055,1193.158,6.1,14.6,1231.123,12.0,4.0,2.666667,33861,consumer_metrics_run-20260224-003716_consumer-sts-0.csv,0.036244800950683304,1230
consumer-sts-0,skew,B0-R100-20260224-003716_0,1667,75,27.783333,30.0,863,406.033,1768.335,7.0,14.6,1261.153,25.0,8.0,2.56,34724,consumer_metrics_run-20260224-003716_consumer-sts-0.csv,0.04499100179964007,1260
consumer-sts-0,skew,B0-R100-20260224-003716_0,1691,46,28.183333,30.0,828,453.635,880.678,6.1,14.6,1291.184,18.0,5.0,2.222222,35552,consumer_metrics_run-20260224-003716_consumer-sts-0.csv,0.027202838557066823,1290
consumer-sts-0,skew,B0-R100-20260224-003716_0,1694,10,28.233333,30.0,866,201.591,511.438,6.9,14.6,1321.213,8.0,2.0,2.0,36418,consumer_metrics_run-20260224-003716_consumer-sts-0.csv,0.0059031877213695395,1320
consumer-sts-0,skew,B0-R100-20260224-003716_0,1730,37,28.833333,30.0,859,709.851,1159.956,5.9,14.6,1351.241,23.0,6.0,2.086957,37277,consumer_metrics_run-20260224-003716_consumer-sts-0.csv,0.02138728323699422,1350
consumer-sts-0,skew,B0-R100-20260224-003716_0,1699,43,28.316667,30.0,840,439.206,691.299,7.7,14.6,1381.269,16.0,6.0,3.0,38117,consumer_metrics_run-20260224-003716_consumer-sts-0.csv,0.025309005297233667,1380
consumer-sts-0,skew,B0-R100-20260224-003716_0,1756,31,29.266667,30.0,916,522.296,1056.905,10.4,14.7,1411.297,9.0,4.0,3.555556,39033,consumer_metrics_run-20260224-003716_consumer-sts-0.csv,0.01765375854214123,1410
consumer-sts-0,skew,B0-R100-20260224-003716_0,1754,41,29.233333,30.0,837,253.443,1030.347,7.4,14.7,1441.325,6.0,2.0,2.666667,39870,consumer_metrics_run-20260224-003716_consumer-sts-0.csv,0.023375142531356898,1440
consumer-sts-0,skew,B0-R100-20260224-003716_0,1738,71,28.966667,30.0,901,830.304,1167.237,6.2,14.7,1471.353,7.0,2.0,2.285714,40771,consumer_metrics_run-20260224-003716_consumer-sts-0.csv,0.040851553509781355,1470
consumer-sts-0,skew,B0-R100-20260224-003716_0,1770,73,29.5,30.0,866,304.672,821.957,7.3,14.7,1501.381,17.0,7.0,3.294118,41640,consumer_metrics_run-20260224-003716_consumer-sts-0.csv,0.04124293785310734,1500
consumer-sts-0,skew,B0-R100-20260224-003716_0,1761,20,29.35,30.0,889,251.335,600.448,6.0,14.6,1531.409,14.0,6.0,3.428571,42529,consumer_metrics_run-20260224-003716_consumer-sts-0.csv,0.011357183418512209,1530
consumer-sts-0,skew,B0-R100-20260224-003716_0,1732,32,28.866667,30.0,843,487.957,1205.559,7.3,14.6,1561.438,12.0,4.0,2.666667,43372,consumer_metrics_run-20260224-003716_consumer-sts-0.csv,0.018475750577367205,1560
consumer-sts-0,skew,B0-R100-20260224-003716_0,1704,46,28.4,30.0,861,542.718,939.628,5.9,14.6,1591.468,17.0,5.0,2.352941,44233,consumer_metrics_run-20260224-003716_consumer-sts-0.csv,0.02699530516431925,1590
consumer-sts-0,skew,B0-R100-20260224-003716_0,1772,33,29.533333,30.0,911,308.994,915.3,7.8,14.6,1621.499,8.0,3.0,3.0,45144,consumer_metrics_run-20260224-003716_consumer-sts-0.csv,0.018623024830699775,1620
consumer-sts-0,skew,B0-R100-20260224-003716_0,1739,56,28.983333,30.0,827,719.903,1309.993,7.6,14.6,1651.531,11.0,4.0,2.909091,45971,consumer_metrics_run-20260224-003716_consumer-sts-0.csv,0.03220241518113859,1650
consumer-sts-0,skew,B0-R100-20260224-003716_0,1605,68,26.75,30.0,778,747.164,1118.056,7.4,14.6,1681.562,19.0,8.0,3.368421,46749,consumer_metrics_run-20260224-003716_consumer-sts-0.csv,0.04236760124610592,1680
consumer-sts-1,skew,B0-R100-20260224-003716_0,369,22,6.15,30.0,369,966.51,2759.755,0.0,8.8,30.032,0.0,0.0,0.0,369,consumer_metrics_run-20260224-003716_consumer-sts-1.csv,0.05962059620596206,30
consumer-sts-1,skew,B0-R100-20260224-003716_0,1069,42,17.816667,30.0,700,282.994,1210.677,46.7,11.2,60.05,8.0,2.0,1.75,1069,consumer_metrics_run-20260224-003716_consumer-sts-1.csv,0.03928905519176801,60
consumer-sts-1,skew,B0-R100-20260224-003716_0,1440,32,24.0,30.0,740,378.776,1044.912,50.9,15.7,90.08,15.0,5.0,2.333333,1809,consumer_metrics_run-20260224-003716_consumer-sts-1.csv,0.022222222222222223,90
consumer-sts-1,skew,B0-R100-20260224-003716_0,1431,46,23.85,30.0,691,770.579,1550.944,46.9,14.5,120.088,19.0,6.0,2.210526,2500,consumer_metrics_run-20260224-003716_consumer-sts-1.csv,0.03214535290006988,120
consumer-sts-1,skew,B0-R100-20260224-003716_0,1455,47,24.25,30.0,764,263.399,981.028,49.8,15.9,150.112,7.0,3.0,3.0,3264,consumer_metrics_run-20260224-003716_consumer-sts-1.csv,0.03230240549828179,150
consumer-sts-1,skew,B0-R100-20260224-003716_0,1516,25,25.266667,30.0,752,257.034,1073.022,50.6,15.4,180.142,9.0,3.0,2.333333,4016,consumer_metrics_run-20260224-003716_consumer-sts-1.csv,0.016490765171503958,180
consumer-sts-1,skew,B0-R100-20260224-003716_0,1529,22,25.483333,30.0,774,444.372,829.893,51.5,15.9,210.172,10.0,3.0,2.1,4790,consumer_metrics_run-20260224-003716_consumer-sts-1.csv,0.014388489208633094,210
consumer-sts-1,skew,B0-R100-20260224-003716_0,1503,26,25.05,30.0,727,690.348,944.147,45.7,12.3,240.203,17.0,7.0,2.882353,5517,consumer_metrics_run-20260224-003716_consumer-sts-1.csv,0.017298735861610112,240
consumer-sts-1,skew,B0-R100-20260224-003716_0,1493,22,24.883333,30.0,766,245.346,797.573,47.6,18.5,270.233,11.0,3.0,1.909091,6283,consumer_metrics_run-20260224-003716_consumer-sts-1.csv,0.014735432016075016,270
consumer-sts-1,skew,B0-R100-20260224-003716_0,1486,28,24.766667,30.0,720,571.222,1129.636,46.0,8.8,300.261,22.0,9.0,2.863636,7003,consumer_metrics_run-20260224-003716_consumer-sts-1.csv,0.018842530282637954,300
consumer-sts-1,skew,B0-R100-20260224-003716_0,1478,27,24.633333,30.0,757,266.628,635.091,57.5,13.3,330.279,12.0,4.0,2.333333,7760,consumer_metrics_run-20260224-003716_consumer-sts-1.csv,0.018267929634641408,330
consumer-sts-1,skew,B0-R100-20260224-003716_0,1475,42,24.583333,30.0,718,834.862,1084.42,51.3,14.6,360.31,24.0,8.0,2.333333,8478,consumer_metrics_run-20260224-003716_consumer-sts-1.csv,0.02847457627118644,360
consumer-sts-1,skew,B0-R100-20260224-003716_0,1438,39,23.966667,30.0,720,320.472,603.263,49.0,14.9,390.34,9.0,4.0,3.111111,9198,consumer_metrics_run-20260224-003716_consumer-sts-1.csv,0.027121001390820583,390
consumer-sts-1,skew,B0-R100-20260224-003716_0,1544,2,25.733333,30.0,824,333.044,563.434,50.2,15.7,420.363,22.0,8.0,2.545455,10022,consumer_metrics_run-20260224-003716_consumer-sts-1.csv,0.0012953367875647669,420
consumer-sts-1,skew,B0-R100-20260224-003716_0,1522,31,25.366667,30.0,697,651.362,1164.078,48.2,16.0,450.394,9.0,5.0,3.888889,10719,consumer_metrics_run-20260224-003716_consumer-sts-1.csv,0.020367936925098553,450
consumer-sts-1,skew,B0-R100-20260224-003716_0,1449,37,24.15,30.0,752,437.947,774.577,47.9,12.5,480.424,21.0,9.0,3.0,11471,consumer_metrics_run-20260224-003716_consumer-sts-1.csv,0.025534851621808144,480
consumer-sts-1,skew,B0-R100-20260224-003716_0,1525,34,25.416667,30.0,773,474.564,997.549,44.1,12.7,510.455,10.0,6.0,4.2,12244,consumer_metrics_run-20260224-003716_consumer-sts-1.csv,0.022295081967213116,510
consumer-sts-1,skew,B0-R100-20260224-003716_0,1444,46,24.066667,30.0,669,488.531,1093.515,46.4,11.7,540.485,13.0,7.0,3.769231,12913,consumer_metrics_run-20260224-003716_consumer-sts-1.csv,0.03185595567867036,540
consumer-sts-1,skew,B0-R100-20260224-003716_0,1391,24,23.183333,30.0,719,293.094,656.445,42.7,9.8,570.516,10.0,4.0,2.8,13632,consumer_metrics_run-20260224-003716_consumer-sts-1.csv,0.017253774263120056,570
consumer-sts-1,skew,B0-R100-20260224-003716_0,1429,6,23.816667,30.0,708,194.149,652.828,55.5,16.3,600.532,7.0,3.0,3.0,14340,consumer_metrics_run-20260224-003716_consumer-sts-1.csv,0.004198740377886634,600
consumer-sts-1,skew,B0-R100-20260224-003716_0,1396,14,23.266667,30.0,688,366.979,1007.702,52.6,15.0,630.562,6.0,2.0,2.333333,15028,consumer_metrics_run-20260224-003716_consumer-sts-1.csv,0.01002865329512894,630
consumer-sts-1,skew,B0-R100-20260224-003716_0,1420,20,23.666667,30.0,732,142.2,637.961,50.0,14.6,660.575,6.0,2.0,2.333333,15760,consumer_metrics_run-20260224-003716_consumer-sts-1.csv,0.014084507042253521,660
consumer-sts-1,skew,B0-R100-20260224-003716_0,1472,26,24.533333,30.0,740,378.511,1249.256,48.4,16.0,690.606,8.0,2.0,1.75,16500,consumer_metrics_run-20260224-003716_consumer-sts-1.csv,0.017663043478260868,690
consumer-sts-1,skew,B0-R100-20260224-003716_0,1481,23,24.683333,30.0,741,221.868,642.181,50.0,15.7,720.633,5.0,2.0,2.8,17241,consumer_metrics_run-20260224-003716_consumer-sts-1.csv,0.015530047265361242,720
consumer-sts-1,skew,B0-R100-20260224-003716_0,1444,35,24.066667,30.0,703,735.554,1632.608,39.8,17.0,750.664,12.0,4.0,2.333333,17944,consumer_metrics_run-20260224-003716_consumer-sts-1.csv,0.024238227146814405,750
consumer-sts-1,skew,B0-R100-20260224-003716_0,1418,35,23.633333,30.0,715,263.713,693.069,47.5,14.7,780.695,9.0,4.0,3.111111,18659,consumer_metrics_run-20260224-003716_consumer-sts-1.csv,0.02468265162200282,780
consumer-sts-1,skew,B0-R100-20260224-003716_0,1515,3,25.25,30.0,800,225.529,583.261,51.8,9.0,810.717,12.0,4.0,2.333333,19459,consumer_metrics_run-20260224-003716_consumer-sts-1.csv,0.0019801980198019802,810
consumer-sts-1,skew,B0-R100-20260224-003716_0,1505,6,25.083333,30.0,705,301.9,710.089,48.8,10.8,840.747,10.0,3.0,2.1,20164,consumer_metrics_run-20260224-003716_consumer-sts-1.csv,0.003986710963455149,840
consumer-sts-1,skew,B0-R100-20260224-003716_0,1448,6,24.133333,30.0,743,201.132,507.569,55.7,15.1,870.778,12.0,6.0,3.5,20907,consumer_metrics_run-20260224-003716_consumer-sts-1.csv,0.004143646408839779,870
consumer-sts-1,skew,B0-R100-20260224-003716_0,1466,55,24.433333,30.0,723,1076.339,1697.063,52.4,14.7,900.809,16.0,4.0,1.75,21630,consumer_metrics_run-20260224-003716_consumer-sts-1.csv,0.03751705320600273,900
consumer-sts-1,skew,B0-R100-20260224-003716_0,1445,63,24.083333,30.0,722,238.135,789.739,48.8,16.1,930.84,11.0,4.0,2.545455,22352,consumer_metrics_run-20260224-003716_consumer-sts-1.csv,0.04359861591695502,930
consumer-sts-1,skew,B0-R100-20260224-003716_0,1457,8,24.283333,30.0,735,138.057,498.467,49.7,15.8,960.87,8.0,4.0,3.5,23087,consumer_metrics_run-20260224-003716_consumer-sts-1.csv,0.00549073438572409,960
consumer-sts-1,skew,B0-R100-20260224-003716_0,1523,18,25.383333,30.0,788,565.693,1052.413,48.9,15.5,990.878,12.0,4.0,2.333333,23875,consumer_metrics_run-20260224-003716_consumer-sts-1.csv,0.011818778726198293,990
consumer-sts-1,skew,B0-R100-20260224-003716_0,1563,19,26.05,30.0,775,445.261,693.079,43.0,16.7,1020.909,10.0,3.0,2.1,24650,consumer_metrics_run-20260224-003716_consumer-sts-1.csv,0.01215611004478567,1020
consumer-sts-1,skew,B0-R100-20260224-003716_0,1465,18,24.416667,30.0,683,540.805,1089.67,40.6,16.9,1050.94,10.0,4.0,2.8,25333,consumer_metrics_run-20260224-003716_consumer-sts-1.csv,0.012286689419795221,1050
consumer-sts-1,skew,B0-R100-20260224-003716_0,1429,17,23.816667,30.0,746,393.629,636.865,54.3,9.0,1080.971,10.0,3.0,2.1,26079,consumer_metrics_run-20260224-003716_consumer-sts-1.csv,0.011896431070678797,1080
consumer-sts-1,skew,B0-R100-20260224-003716_0,1442,6,24.033333,30.0,696,183.618,661.063,45.1,11.3,1110.992,9.0,3.0,2.333333,26775,consumer_metrics_run-20260224-003716_consumer-sts-1.csv,0.004160887656033287,1110
consumer-sts-1,skew,B0-R100-20260224-003716_0,1355,16,22.583333,30.0,659,332.601,1003.116,52.0,16.2,1141.0,10.0,4.0,2.8,27434,consumer_metrics_run-20260224-003716_consumer-sts-1.csv,0.011808118081180811,1140
consumer-sts-1,skew,B0-R100-20260224-003716_0,1417,19,23.616667,30.0,753,303.803,886.73,49.2,15.6,1171.031,13.0,6.0,3.230769,28187,consumer_metrics_run-20260224-003716_consumer-sts-1.csv,0.013408609738884969,1170
consumer-sts-1,skew,B0-R100-20260224-003716_0,1521,17,25.35,30.0,768,296.666,748.481,51.9,15.2,1201.062,6.0,4.0,4.666667,28955,consumer_metrics_run-20260224-003716_consumer-sts-1.csv,0.011176857330703484,1200
consumer-sts-1,skew,B0-R100-20260224-003716_0,1465,29,24.416667,30.0,697,571.322,1066.044,49.1,15.0,1231.092,8.0,5.0,4.375,29652,consumer_metrics_run-20260224-003716_consumer-sts-1.csv,0.019795221843003412,1230
consumer-sts-1,skew,B0-R100-20260224-003716_0,1444,33,24.066667,30.0,747,452.11,825.452,49.9,15.1,1261.122,18.0,6.0,2.333333,30399,consumer_metrics_run-20260224-003716_consumer-sts-1.csv,0.022853185595567867,1260
consumer-sts-1,skew,B0-R100-20260224-003716_0,1480,29,24.666667,30.0,733,345.206,1033.748,39.9,14.3,1291.133,11.0,7.0,4.454545,31132,consumer_metrics_run-20260224-003716_consumer-sts-1.csv,0.019594594594594596,1290
consumer-sts-1,skew,B0-R100-20260224-003716_0,1422,27,23.7,30.0,689,363.607,922.494,44.7,18.7,1321.164,7.0,2.0,2.0,31821,consumer_metrics_run-20260224-003716_consumer-sts-1.csv,0.0189873417721519,1320
consumer-sts-1,skew,B0-R100-20260224-003716_0,1430,21,23.833333,30.0,736,373.157,876.229,46.4,9.1,1351.195,22.0,7.0,2.227273,32557,consumer_metrics_run-20260224-003716_consumer-sts-1.csv,0.014685314685314685,1350
consumer-sts-1,skew,B0-R100-20260224-003716_0,1511,32,25.183333,30.0,775,353.368,1132.338,54.7,12.7,1381.226,22.0,9.0,2.863636,33332,consumer_metrics_run-20260224-003716_consumer-sts-1.csv,0.021178027796161483,1380
consumer-sts-1,skew,B0-R100-20260224-003716_0,1512,34,25.2,30.0,737,360.288,871.892,51.1,16.1,1411.256,6.0,2.0,2.333333,34069,consumer_metrics_run-20260224-003716_consumer-sts-1.csv,0.022486772486772486,1410
consumer-sts-1,skew,B0-R100-20260224-003716_0,1526,17,25.433333,30.0,789,236.023,630.915,54.4,15.7,1441.286,12.0,4.0,2.333333,34858,consumer_metrics_run-20260224-003716_consumer-sts-1.csv,0.011140235910878113,1440
consumer-sts-1,skew,B0-R100-20260224-003716_0,1577,10,26.283333,30.0,779,245.776,679.592,53.9,14.9,1471.309,8.0,5.0,4.375,35640,consumer_metrics_run-20260224-003716_consumer-sts-1.csv,0.0063411540900443885,1470
consumer-sts-1,skew,B0-R100-20260224-003716_0,1523,6,25.383333,30.0,741,306.538,621.885,50.9,15.0,1501.339,8.0,3.0,2.625,36381,consumer_metrics_run-20260224-003716_consumer-sts-1.csv,0.003939592908732764,1500
consumer-sts-1,skew,B0-R100-20260224-003716_0,1422,16,23.7,30.0,681,557.471,879.357,48.5,16.1,1531.37,9.0,2.0,1.555556,37062,consumer_metrics_run-20260224-003716_consumer-sts-1.csv,0.011251758087201125,1530
consumer-sts-1,skew,B0-R100-20260224-003716_0,1443,32,24.05,30.0,761,562.108,951.982,42.9,12.3,1561.4,13.0,4.0,2.153846,37823,consumer_metrics_run-20260224-003716_consumer-sts-1.csv,0.022176022176022176,1560
consumer-sts-1,skew,B0-R100-20260224-003716_0,1484,16,24.733333,30.0,723,301.638,522.159,44.0,18.6,1591.423,10.0,4.0,2.8,38546,consumer_metrics_run-20260224-003716_consumer-sts-1.csv,0.01078167115902965,1590
consumer-sts-1,skew,B0-R100-20260224-003716_0,1444,4,24.066667,30.0,723,382.273,746.93,42.5,9.3,1621.453,13.0,5.0,2.692308,39269,consumer_metrics_run-20260224-003716_consumer-sts-1.csv,0.002770083102493075,1620
consumer-sts-1,skew,B0-R100-20260224-003716_0,1477,4,24.616667,30.0,750,178.106,315.967,56.3,14.8,1651.483,8.0,3.0,2.625,40023,consumer_metrics_run-20260224-003716_consumer-sts-1.csv,0.002708192281651997,1650
consumer-sts-1,skew,B0-R100-20260224-003716_0,1379,11,22.983333,30.0,603,584.042,914.654,48.8,16.0,1681.514,13.0,5.0,2.692308,40626,consumer_metrics_run-20260224-003716_consumer-sts-1.csv,0.007976794778825236,1680
consumer-sts-2,skew,B0-R100-20260224-003716_0,422,20,7.033333,30.0,422,649.277,2914.421,0.0,16.6,30.032,10.0,4.0,2.8,422,consumer_metrics_run-20260224-003716_consumer-sts-2.csv,0.04739336492890995,30
consumer-sts-2,skew,B0-R100-20260224-003716_0,1180,53,19.666667,30.0,758,748.24,1386.069,19.5,16.0,60.063,26.0,8.0,2.153846,1180,consumer_metrics_run-20260224-003716_consumer-sts-2.csv,0.044915254237288135,60
consumer-sts-2,skew,B0-R100-20260224-003716_0,1482,58,24.7,30.0,724,623.969,1050.9,19.2,15.9,90.091,16.0,6.0,2.625,1904,consumer_metrics_run-20260224-003716_consumer-sts-2.csv,0.03913630229419703,90
consumer-sts-2,skew,B0-R100-20260224-003716_0,1457,60,24.283333,30.0,733,765.406,1440.344,19.4,15.8,120.121,10.0,3.0,2.1,2637,consumer_metrics_run-20260224-003716_consumer-sts-2.csv,0.04118050789293068,120
consumer-sts-2,skew,B0-R100-20260224-003716_0,1439,59,23.983333,30.0,705,630.387,994.441,19.7,15.5,150.151,12.0,4.0,2.333333,3342,consumer_metrics_run-20260224-003716_consumer-sts-2.csv,0.04100069492703266,150
consumer-sts-2,skew,B0-R100-20260224-003716_0,1463,29,24.383333,30.0,756,256.787,725.973,19.3,15.4,180.181,6.0,3.0,3.5,4098,consumer_metrics_run-20260224-003716_consumer-sts-2.csv,0.019822282980177717,180
consumer-sts-2,skew,B0-R100-20260224-003716_0,1456,12,24.266667,30.0,700,394.583,760.213,19.5,15.6,210.211,10.0,4.0,2.8,4798,consumer_metrics_run-20260224-003716_consumer-sts-2.csv,0.008241758241758242,210
consumer-sts-2,skew,B0-R100-20260224-003716_0,1464,28,24.4,30.0,764,522.43,1322.148,19.5,15.9,240.239,22.0,6.0,1.909091,5562,consumer_metrics_run-20260224-003716_consumer-sts-2.csv,0.01912568306010929,240
consumer-sts-2,skew,B0-R100-20260224-003716_0,1453,51,24.216667,30.0,687,642.405,1385.046,19.6,15.6,270.269,19.0,7.0,2.578947,6249,consumer_metrics_run-20260224-003716_consumer-sts-2.csv,0.03509979353062629,270
consumer-sts-2,skew,B0-R100-20260224-003716_0,1459,45,24.316667,30.0,772,383.643,896.764,19.3,15.7,300.299,16.0,10.0,4.375,7021,consumer_metrics_run-20260224-003716_consumer-sts-2.csv,0.030843043180260453,300
consumer-sts-2,skew,B0-R100-20260224-003716_0,1526,31,25.433333,30.0,754,293.153,1054.538,19.4,15.5,330.327,10.0,4.0,2.8,7775,consumer_metrics_run-20260224-003716_consumer-sts-2.csv,0.020314547837483616,330
consumer-sts-2,skew,B0-R100-20260224-003716_0,1514,44,25.233333,30.0,760,673.044,1523.689,19.6,15.5,360.355,8.0,4.0,3.5,8535,consumer_metrics_run-20260224-003716_consumer-sts-2.csv,0.02906208718626156,360
consumer-sts-2,skew,B0-R100-20260224-003716_0,1474,42,24.566667,30.0,712,400.664,1006.09,19.3,15.3,390.383,16.0,6.0,2.625,9247,consumer_metrics_run-20260224-003716_consumer-sts-2.csv,0.028493894165535955,390
consumer-sts-2,skew,B0-R100-20260224-003716_0,1416,34,23.6,30.0,704,282.336,1192.486,19.3,15.4,420.413,9.0,3.0,2.333333,9951,consumer_metrics_run-20260224-003716_consumer-sts-2.csv,0.02401129943502825,420
consumer-sts-2,skew,B0-R100-20260224-003716_0,1403,25,23.383333,30.0,699,233.722,695.079,20.0,15.4,450.443,9.0,4.0,3.111111,10650,consumer_metrics_run-20260224-003716_consumer-sts-2.csv,0.01781895937277263,450
consumer-sts-2,skew,B0-R100-20260224-003716_0,1493,41,24.883333,30.0,794,769.238,1186.583,19.9,17.3,480.471,16.0,7.0,3.0625,11444,consumer_metrics_run-20260224-003716_consumer-sts-2.csv,0.027461486939048894,480
consumer-sts-2,skew,B0-R100-20260224-003716_0,1501,73,25.016667,30.0,707,832.08,1689.545,19.0,17.2,510.501,23.0,8.0,2.434783,12151,consumer_metrics_run-20260224-003716_consumer-sts-2.csv,0.04863424383744171,510
consumer-sts-2,skew,B0-R100-20260224-003716_0,1461,45,24.35,30.0,754,421.261,809.019,18.8,17.3,540.515,13.0,5.0,2.692308,12905,consumer_metrics_run-20260224-003716_consumer-sts-2.csv,0.030800821355236138,540
consumer-sts-2,skew,B0-R100-20260224-003716_0,1477,26,24.616667,30.0,723,332.394,968.464,20.8,17.7,570.543,12.0,5.0,2.916667,13628,consumer_metrics_run-20260224-003716_consumer-sts-2.csv,0.017603249830737983,570
consumer-sts-2,skew,B0-R100-20260224-003716_0,1458,42,24.3,30.0,734,578.847,1209.535,19.9,17.8,600.571,10.0,4.0,2.8,14362,consumer_metrics_run-20260224-003716_consumer-sts-2.csv,0.02880658436213992,600
consumer-sts-2,skew,B0-R100-20260224-003716_0,1464,24,24.4,30.0,730,303.454,672.921,20.8,21.9,630.601,7.0,2.0,2.0,15092,consumer_metrics_run-20260224-003716_consumer-sts-2.csv,0.01639344262295082,630
consumer-sts-2,skew,B0-R100-20260224-003716_0,1489,36,24.816667,30.0,759,681.544,1625.536,19.1,17.9,660.631,23.0,5.0,1.521739,15851,consumer_metrics_run-20260224-003716_consumer-sts-2.csv,0.0241773002014775,660
consumer-sts-2,skew,B0-R100-20260224-003716_0,1472,60,24.533333,30.0,713,504.97,1203.386,18.6,18.0,690.661,12.0,7.0,4.083333,16564,consumer_metrics_run-20260224-003716_consumer-sts-2.csv,0.04076086956521739,690
consumer-sts-2,skew,B0-R100-20260224-003716_0,1472,30,24.533333,30.0,759,315.097,713.228,18.7,17.9,720.691,19.0,7.0,2.578947,17323,consumer_metrics_run-20260224-003716_consumer-sts-2.csv,0.020380434782608696,720
consumer-sts-2,skew,B0-R100-20260224-003716_0,1446,45,24.1,30.0,684,825.866,1206.872,19.9,17.7,750.719,15.0,4.0,1.866667,18007,consumer_metrics_run-20260224-003716_consumer-sts-2.csv,0.03112033195020747,750
consumer-sts-2,skew,B0-R100-20260224-003716_0,1381,59,23.016667,30.0,693,511.166,1136.779,20.1,18.2,780.747,7.0,3.0,3.0,18700,consumer_metrics_run-20260224-003716_consumer-sts-2.csv,0.042722664735698766,780
consumer-sts-2,skew,B0-R100-20260224-003716_0,1419,26,23.65,30.0,726,285.928,676.513,19.2,17.1,810.775,6.0,2.0,2.333333,19426,consumer_metrics_run-20260224-003716_consumer-sts-2.csv,0.018322762508809022,810
consumer-sts-2,skew,B0-R100-20260224-003716_0,1494,15,24.9,30.0,768,404.317,858.403,18.4,17.2,840.803,8.0,3.0,2.625,20194,consumer_metrics_run-20260224-003716_consumer-sts-2.csv,0.010040160642570281,840
consumer-sts-2,skew,B0-R100-20260224-003716_0,1502,9,25.033333,30.0,731,352.727,670.225,18.7,17.2,870.833,8.0,4.0,3.5,20925,consumer_metrics_run-20260224-003716_consumer-sts-2.csv,0.005992010652463382,870
consumer-sts-2,skew,B0-R100-20260224-003716_0,1432,14,23.866667,30.0,700,529.301,889.418,20.0,17.0,900.863,11.0,5.0,3.181818,21625,consumer_metrics_run-20260224-003716_consumer-sts-2.csv,0.009776536312849162,900
consumer-sts-2,skew,B0-R100-20260224-003716_0,1423,40,23.716667,30.0,723,724.421,1202.932,20.2,19.5,930.894,14.0,10.0,5.0,22348,consumer_metrics_run-20260224-003716_consumer-sts-2.csv,0.028109627547434995,930
consumer-sts-2,skew,B0-R100-20260224-003716_0,1499,54,24.983333,30.0,776,621.295,1652.304,20.3,17.6,960.923,14.0,9.0,4.5,23124,consumer_metrics_run-20260224-003716_consumer-sts-2.csv,0.03602401601067378,960
consumer-sts-2,skew,B0-R100-20260224-003716_0,1500,44,25.0,30.0,724,333.784,986.183,18.8,18.1,990.954,17.0,6.0,2.470588,23848,consumer_metrics_run-20260224-003716_consumer-sts-2.csv,0.029333333333333333,990
consumer-sts-2,skew,B0-R100-20260224-003716_0,1461,23,24.35,30.0,737,290.376,777.638,18.7,18.1,1020.983,11.0,3.0,1.909091,24585,consumer_metrics_run-20260224-003716_consumer-sts-2.csv,0.01574264202600958,1020
consumer-sts-2,skew,B0-R100-20260224-003716_0,1553,9,25.883333,30.0,816,284.341,709.797,18.7,18.0,1051.011,9.0,3.0,2.333333,25401,consumer_metrics_run-20260224-003716_consumer-sts-2.csv,0.005795235028976175,1050
consumer-sts-2,skew,B0-R100-20260224-003716_0,1508,2,25.133333,30.0,692,212.717,574.639,20.0,18.0,1081.039,9.0,4.0,3.111111,26093,consumer_metrics_run-20260224-003716_consumer-sts-2.csv,0.001326259946949602,1080
consumer-sts-2,skew,B0-R100-20260224-003716_0,1467,27,24.45,30.0,775,585.681,1033.294,20.2,21.6,1111.048,13.0,6.0,3.230769,26868,consumer_metrics_run-20260224-003716_consumer-sts-2.csv,0.018404907975460124,1110
consumer-sts-2,skew,B0-R100-20260224-003716_0,1526,37,25.433333,30.0,747,278.182,807.081,19.1,18.0,1141.079,10.0,4.0,2.8,27615,consumer_metrics_run-20260224-003716_consumer-sts-2.csv,0.024246395806028834,1140
consumer-sts-2,skew,B0-R100-20260224-003716_0,1518,51,25.3,30.0,771,885.712,1201.491,19.6,18.2,1171.11,21.0,9.0,3.0,28386,consumer_metrics_run-20260224-003716_consumer-sts-2.csv,0.03359683794466403,1170
consumer-sts-2,skew,B0-R100-20260224-003716_0,1491,66,24.85,30.0,720,487.39,1296.897,19.3,17.9,1201.139,18.0,9.0,3.5,29106,consumer_metrics_run-20260224-003716_consumer-sts-2.csv,0.04426559356136821,1200
consumer-sts-2,skew,B0-R100-20260224-003716_0,1443,30,24.05,30.0,722,459.607,740.133,21.0,17.9,1231.167,17.0,5.0,2.058824,29828,consumer_metrics_run-20260224-003716_consumer-sts-2.csv,0.02079002079002079,1230
consumer-sts-2,skew,B0-R100-20260224-003716_0,1476,10,24.6,30.0,754,215.599,575.193,21.0,18.3,1261.195,11.0,4.0,2.545455,30582,consumer_metrics_run-20260224-003716_consumer-sts-2.csv,0.006775067750677507,1260
consumer-sts-2,skew,B0-R100-20260224-003716_0,1492,15,24.866667,30.0,738,444.734,818.892,20.1,16.1,1291.223,12.0,6.0,3.5,31320,consumer_metrics_run-20260224-003716_consumer-sts-2.csv,0.010053619302949061,1290
consumer-sts-2,skew,B0-R100-20260224-003716_0,1466,18,24.433333,30.0,728,377.493,804.52,20.1,16.3,1321.251,12.0,3.0,1.75,32048,consumer_metrics_run-20260224-003716_consumer-sts-2.csv,0.01227830832196453,1320
consumer-sts-2,skew,B0-R100-20260224-003716_0,1400,17,23.333333,30.0,672,419.764,835.683,21.0,16.1,1351.279,7.0,3.0,3.0,32720,consumer_metrics_run-20260224-003716_consumer-sts-2.csv,0.012142857142857143,1350
consumer-sts-2,skew,B0-R100-20260224-003716_0,1372,20,22.866667,30.0,700,188.405,817.039,20.0,15.2,1381.309,9.0,6.0,4.666667,33420,consumer_metrics_run-20260224-003716_consumer-sts-2.csv,0.014577259475218658,1380
consumer-sts-2,skew,B0-R100-20260224-003716_0,1444,38,24.066667,30.0,744,338.31,1246.428,19.9,15.2,1411.339,11.0,6.0,3.818182,34164,consumer_metrics_run-20260224-003716_consumer-sts-2.csv,0.02631578947368421,1410
consumer-sts-2,skew,B0-R100-20260224-003716_0,1442,44,24.033333,30.0,698,476.414,1074.96,19.4,15.3,1441.367,11.0,4.0,2.545455,34862,consumer_metrics_run-20260224-003716_consumer-sts-2.csv,0.030513176144244106,1440
consumer-sts-2,skew,B0-R100-20260224-003716_0,1418,25,23.633333,30.0,720,261.644,812.695,20.4,15.2,1471.395,12.0,6.0,3.5,35582,consumer_metrics_run-20260224-003716_consumer-sts-2.csv,0.01763046544428773,1470
consumer-sts-2,skew,B0-R100-20260224-003716_0,1480,23,24.666667,30.0,760,635.805,960.071,19.6,15.3,1501.423,9.0,4.0,3.111111,36342,consumer_metrics_run-20260224-003716_consumer-sts-2.csv,0.015540540540540541,1500
consumer-sts-2,skew,B0-R100-20260224-003716_0,1465,43,24.416667,30.0,705,685.642,1049.303,19.6,15.4,1531.455,8.0,4.0,3.5,37047,consumer_metrics_run-20260224-003716_consumer-sts-2.csv,0.029351535836177476,1530
consumer-sts-2,skew,B0-R100-20260224-003716_0,1415,35,23.583333,30.0,710,393.916,777.47,19.8,15.2,1561.483,20.0,8.0,2.8,37757,consumer_metrics_run-20260224-003716_consumer-sts-2.csv,0.024734982332155476,1560
consumer-sts-2,skew,B0-R100-20260224-003716_0,1459,22,24.316667,30.0,746,493.694,947.136,19.2,15.4,1591.513,9.0,3.0,2.333333,38503,consumer_metrics_run-20260224-003716_consumer-sts-2.csv,0.015078821110349555,1590
consumer-sts-2,skew,B0-R100-20260224-003716_0,1512,28,25.2,30.0,766,417.894,931.253,19.6,15.3,1621.544,11.0,4.0,2.545455,39269,consumer_metrics_run-20260224-003716_consumer-sts-2.csv,0.018518518518518517,1620
consumer-sts-2,skew,B0-R100-20260224-003716_0,1473,28,24.55,30.0,705,274.775,846.153,19.4,15.3,1651.575,12.0,7.0,4.083333,39976,consumer_metrics_run-20260224-003716_consumer-sts-2.csv,0.019008825526137134,1650
consumer-sts-2,skew,B0-R100-20260224-003716_0,1368,23,22.8,30.0,611,353.693,874.016,19.6,15.3,1681.59,11.0,3.0,1.909091,40587,consumer_metrics_run-20260224-003716_consumer-sts-2.csv,0.016812865497076022,1680
consumer-sts-3,skew,B0-R100-20260224-003716_0,451,37,7.516667,30.0,451,1343.79,2605.938,0.0,22.0,30.006,7.0,3.0,3.0,451,consumer_metrics_run-20260224-003716_consumer-sts-3.csv,0.082039911308204,30
consumer-sts-3,skew,B0-R100-20260224-003716_0,1223,37,20.383333,30.0,772,177.881,605.512,7.7,22.0,60.037,5.0,2.0,2.8,1223,consumer_metrics_run-20260224-003716_consumer-sts-3.csv,0.03025347506132461,60
consumer-sts-3,skew,B0-R100-20260224-003716_0,1517,14,25.283333,30.0,745,416.863,840.163,7.6,21.9,90.069,11.0,5.0,3.181818,1968,consumer_metrics_run-20260224-003716_consumer-sts-3.csv,0.00922874093605801,90
consumer-sts-3,skew,B0-R100-20260224-003716_0,1472,32,24.533333,30.0,727,533.912,1228.029,9.0,22.0,120.101,11.0,5.0,3.181818,2695,consumer_metrics_run-20260224-003716_consumer-sts-3.csv,0.021739130434782608,120
consumer-sts-3,skew,B0-R100-20260224-003716_0,1478,27,24.633333,30.0,751,318.725,818.12,9.0,22.0,150.132,8.0,2.0,1.75,3446,consumer_metrics_run-20260224-003716_consumer-sts-3.csv,0.018267929634641408,150
consumer-sts-3,skew,B0-R100-20260224-003716_0,1491,42,24.85,30.0,736,695.359,1017.972,9.6,21.9,180.165,15.0,5.0,2.333333,4182,consumer_metrics_run-20260224-003716_consumer-sts-3.csv,0.028169014084507043,180
consumer-sts-3,skew,B0-R100-20260224-003716_0,1524,69,25.4,30.0,788,766.882,1314.567,8.6,21.9,210.196,26.0,8.0,2.153846,4970,consumer_metrics_run-20260224-003716_consumer-sts-3.csv,0.045275590551181105,210
consumer-sts-3,skew,B0-R100-20260224-003716_0,1532,89,25.533333,30.0,744,1045.625,1510.383,10.6,21.9,240.228,21.0,7.0,2.333333,5714,consumer_metrics_run-20260224-003716_consumer-sts-3.csv,0.058093994778067884,240
consumer-sts-3,skew,B0-R100-20260224-003716_0,1539,70,25.65,30.0,795,482.713,1074.074,8.4,22.0,270.26,20.0,5.0,1.75,6509,consumer_metrics_run-20260224-003716_consumer-sts-3.csv,0.04548408057179987,270
consumer-sts-3,skew,B0-R100-20260224-003716_0,1495,52,24.916667,30.0,700,750.272,1406.54,8.6,22.0,300.288,22.0,8.0,2.545455,7209,consumer_metrics_run-20260224-003716_consumer-sts-3.csv,0.034782608695652174,300
consumer-sts-3,skew,B0-R100-20260224-003716_0,1380,51,23.0,30.0,680,253.518,1106.227,8.4,22.1,330.32,11.0,6.0,3.818182,7889,consumer_metrics_run-20260224-003716_consumer-sts-3.csv,0.03695652173913044,330
consumer-sts-3,skew,B0-R100-20260224-003716_0,1478,22,24.633333,30.0,798,352.145,771.209,8.6,22.0,360.351,11.0,7.0,4.454545,8687,consumer_metrics_run-20260224-003716_consumer-sts-3.csv,0.014884979702300407,360
consumer-sts-3,skew,B0-R100-20260224-003716_0,1539,30,25.65,30.0,741,569.104,961.664,8.3,22.0,390.37,10.0,6.0,4.2,9428,consumer_metrics_run-20260224-003716_consumer-sts-3.csv,0.01949317738791423,390
consumer-sts-3,skew,B0-R100-20260224-003716_0,1453,66,24.216667,30.0,704,902.482,1330.676,8.4,22.0,420.402,21.0,8.0,2.666667,10132,consumer_metrics_run-20260224-003716_consumer-sts-3.csv,0.04542326221610461,420
consumer-sts-3,skew,B0-R100-20260224-003716_0,1435,66,23.916667,30.0,731,573.778,1654.964,9.3,22.0,450.414,17.0,7.0,2.882353,10863,consumer_metrics_run-20260224-003716_consumer-sts-3.csv,0.045993031358885016,450
consumer-sts-3,skew,B0-R100-20260224-003716_0,1499,37,24.983333,30.0,768,492.76,1089.708,8.1,22.5,480.446,14.0,5.0,2.5,11631,consumer_metrics_run-20260224-003716_consumer-sts-3.csv,0.024683122081387593,480
consumer-sts-3,skew,B0-R100-20260224-003716_0,1493,43,24.883333,30.0,723,648.074,1311.334,7.4,23.0,510.464,13.0,5.0,2.692308,12354,consumer_metrics_run-20260224-003716_consumer-sts-3.csv,0.028801071667782986,510
consumer-sts-3,skew,B0-R100-20260224-003716_0,1453,52,24.216667,30.0,730,488.994,1131.809,9.0,23.8,540.476,24.0,10.0,2.916667,13084,consumer_metrics_run-20260224-003716_consumer-sts-3.csv,0.035788024776324846,540
consumer-sts-3,skew,B0-R100-20260224-003716_0,1416,29,23.6,30.0,686,298.097,809.117,8.3,23.0,570.508,7.0,3.0,3.0,13770,consumer_metrics_run-20260224-003716_consumer-sts-3.csv,0.020480225988700564,570
consumer-sts-3,skew,B0-R100-20260224-003716_0,1430,23,23.833333,30.0,743,290.708,934.628,7.8,22.9,600.54,12.0,4.0,2.333333,14513,consumer_metrics_run-20260224-003716_consumer-sts-3.csv,0.016083916083916083,600
consumer-sts-3,skew,B0-R100-20260224-003716_0,1550,29,25.833333,30.0,807,486.591,940.519,8.8,22.9,630.572,8.0,4.0,3.5,15320,consumer_metrics_run-20260224-003716_consumer-sts-3.csv,0.01870967741935484,630
consumer-sts-3,skew,B0-R100-20260224-003716_0,1566,30,26.1,30.0,759,423.081,919.453,8.6,23.0,660.578,15.0,5.0,2.333333,16079,consumer_metrics_run-20260224-003716_consumer-sts-3.csv,0.019157088122605363,660
consumer-sts-3,skew,B0-R100-20260224-003716_0,1480,32,24.666667,30.0,719,453.426,916.104,7.1,23.0,690.61,7.0,3.0,3.0,16798,consumer_metrics_run-20260224-003716_consumer-sts-3.csv,0.021621621621621623,690
consumer-sts-3,skew,B0-R100-20260224-003716_0,1461,16,24.35,30.0,742,419.097,768.772,9.0,23.0,720.642,20.0,6.0,2.1,17540,consumer_metrics_run-20260224-003716_consumer-sts-3.csv,0.010951403148528405,720
consumer-sts-3,skew,B0-R100-20260224-003716_0,1523,11,25.383333,30.0,781,278.362,806.729,10.2,23.0,750.652,10.0,3.0,2.1,18321,consumer_metrics_run-20260224-003716_consumer-sts-3.csv,0.007222586999343401,750
consumer-sts-3,skew,B0-R100-20260224-003716_0,1543,43,25.716667,30.0,761,664.395,1340.684,10.7,23.1,780.678,10.0,5.0,3.5,19082,consumer_metrics_run-20260224-003716_consumer-sts-3.csv,0.027867790019442645,780
consumer-sts-3,skew,B0-R100-20260224-003716_0,1475,40,24.583333,30.0,713,303.817,785.892,9.4,23.2,810.68,13.0,5.0,2.692308,19795,consumer_metrics_run-20260224-003716_consumer-sts-3.csv,0.02711864406779661,810
consumer-sts-3,skew,B0-R100-20260224-003716_0,1427,26,23.783333,30.0,714,406.52,1289.608,10.0,23.1,840.712,12.0,5.0,2.916667,20509,consumer_metrics_run-20260224-003716_consumer-sts-3.csv,0.018220042046250877,840
consumer-sts-3,skew,B0-R100-20260224-003716_0,1478,51,24.633333,30.0,764,608.522,941.768,11.2,23.1,870.743,15.0,9.0,4.2,21273,consumer_metrics_run-20260224-003716_consumer-sts-3.csv,0.03450608930987822,870
consumer-sts-3,skew,B0-R100-20260224-003716_0,1491,43,24.85,30.0,727,243.74,853.295,9.6,23.0,900.768,10.0,4.0,2.8,22000,consumer_metrics_run-20260224-003716_consumer-sts-3.csv,0.028839704896042925,900
consumer-sts-3,skew,B0-R100-20260224-003716_0,1480,45,24.666667,30.0,750,682.945,1275.153,9.5,23.1,930.799,7.0,2.0,2.0,22750,consumer_metrics_run-20260224-003716_consumer-sts-3.csv,0.030405405405405407,930
consumer-sts-3,skew,B0-R100-20260224-003716_0,1488,77,24.8,30.0,738,941.365,1443.957,8.7,23.1,960.816,15.0,6.0,2.8,23488,consumer_metrics_run-20260224-003716_consumer-sts-3.csv,0.05174731182795699,960
consumer-sts-3,skew,B0-R100-20260224-003716_0,1497,59,24.95,30.0,759,503.376,941.425,8.6,23.1,990.848,13.0,5.0,2.692308,24247,consumer_metrics_run-20260224-003716_consumer-sts-3.csv,0.0394121576486306,990
consumer-sts-3,skew,B0-R100-20260224-003716_0,1470,47,24.5,30.0,710,719.838,1483.204,8.7,23.1,1020.879,6.0,3.0,3.5,24957,consumer_metrics_run-20260224-003716_consumer-sts-3.csv,0.03197278911564626,1020
consumer-sts-3,skew,B0-R100-20260224-003716_0,1478,54,24.633333,30.0,768,298.476,1263.584,8.9,23.1,1050.899,14.0,5.0,2.5,25725,consumer_metrics_run-20260224-003716_consumer-sts-3.csv,0.036535859269282815,1050
consumer-sts-3,skew,B0-R100-20260224-003716_0,1519,32,25.316667,30.0,749,400.013,869.643,8.7,23.1,1080.904,15.0,7.0,3.266667,26474,consumer_metrics_run-20260224-003716_consumer-sts-3.csv,0.02106649111257406,1080
consumer-sts-3,skew,B0-R100-20260224-003716_0,1444,10,24.066667,30.0,695,272.519,702.312,8.9,23.1,1110.936,16.0,5.0,2.1875,27169,consumer_metrics_run-20260224-003716_consumer-sts-3.csv,0.006925207756232687,1110
consumer-sts-3,skew,B0-R100-20260224-003716_0,1486,43,24.766667,30.0,791,812.658,1364.763,8.9,23.1,1140.946,17.0,5.0,2.058824,27960,consumer_metrics_run-20260224-003716_consumer-sts-3.csv,0.028936742934051143,1140
consumer-sts-3,skew,B0-R100-20260224-003716_0,1514,47,25.233333,30.0,723,358.672,790.42,9.0,23.1,1170.976,8.0,2.0,1.75,28683,consumer_metrics_run-20260224-003716_consumer-sts-3.csv,0.031043593130779392,1170
consumer-sts-3,skew,B0-R100-20260224-003716_0,1452,31,24.2,30.0,729,746.367,1226.177,11.2,23.1,1201.007,12.0,5.0,2.916667,29412,consumer_metrics_run-20260224-003716_consumer-sts-3.csv,0.02134986225895317,1200
consumer-sts-3,skew,B0-R100-20260224-003716_0,1485,66,24.75,30.0,756,826.209,1282.325,9.0,23.2,1231.03,16.0,8.0,3.5,30168,consumer_metrics_run-20260224-003716_consumer-sts-3.csv,0.044444444444444446,1230
consumer-sts-3,skew,B0-R100-20260224-003716_0,1552,49,25.866667,30.0,796,248.176,936.49,8.6,23.1,1261.062,13.0,3.0,1.615385,30964,consumer_metrics_run-20260224-003716_consumer-sts-3.csv,0.03157216494845361,1260
consumer-sts-3,skew,B0-R100-20260224-003716_0,1560,17,26.0,30.0,764,265.316,793.731,8.5,23.2,1291.08,13.0,5.0,2.692308,31728,consumer_metrics_run-20260224-003716_consumer-sts-3.csv,0.010897435897435897,1290
consumer-sts-3,skew,B0-R100-20260224-003716_0,1499,20,24.983333,30.0,735,418.682,944.103,8.6,23.2,1321.111,12.0,3.0,1.75,32463,consumer_metrics_run-20260224-003716_consumer-sts-3.csv,0.0133422281521014,1320
consumer-sts-3,skew,B0-R100-20260224-003716_0,1444,39,24.066667,30.0,708,741.606,1411.659,8.9,23.2,1351.142,9.0,4.0,3.111111,33171,consumer_metrics_run-20260224-003716_consumer-sts-3.csv,0.027008310249307478,1350
consumer-sts-3,skew,B0-R100-20260224-003716_0,1438,56,23.966667,30.0,730,677.802,1067.382,8.6,23.2,1381.173,11.0,3.0,1.909091,33901,consumer_metrics_run-20260224-003716_consumer-sts-3.csv,0.03894297635605007,1380
consumer-sts-3,skew,B0-R100-20260224-003716_0,1445,53,24.083333,30.0,713,434.778,1295.533,8.5,23.1,1411.185,16.0,6.0,2.625,34614,consumer_metrics_run-20260224-003716_consumer-sts-3.csv,0.03667820069204152,1410
consumer-sts-3,skew,B0-R100-20260224-003716_0,1425,32,23.75,30.0,710,360.798,904.103,8.6,23.1,1441.216,9.0,5.0,3.888889,35324,consumer_metrics_run-20260224-003716_consumer-sts-3.csv,0.02245614035087719,1440
consumer-sts-3,skew,B0-R100-20260224-003716_0,1412,22,23.533333,30.0,702,489.645,910.669,8.5,23.1,1471.247,12.0,6.0,3.5,36026,consumer_metrics_run-20260224-003716_consumer-sts-3.csv,0.015580736543909348,1470
consumer-sts-3,skew,B0-R100-20260224-003716_0,1445,29,24.083333,30.0,743,329.675,903.977,9.2,23.4,1501.278,11.0,4.0,2.545455,36769,consumer_metrics_run-20260224-003716_consumer-sts-3.csv,0.020069204152249134,1500
consumer-sts-3,skew,B0-R100-20260224-003716_0,1416,51,23.6,30.0,673,848.682,1261.995,9.1,23.3,1531.309,10.0,4.0,2.8,37442,consumer_metrics_run-20260224-003716_consumer-sts-3.csv,0.036016949152542374,1530
consumer-sts-3,skew,B0-R100-20260224-003716_0,1380,51,23.0,30.0,707,425.776,1139.788,7.3,23.2,1561.34,10.0,4.0,2.8,38149,consumer_metrics_run-20260224-003716_consumer-sts-3.csv,0.03695652173913044,1560
consumer-sts-3,skew,B0-R100-20260224-003716_0,1418,25,23.633333,30.0,709,492.375,861.139,7.0,23.2,1591.371,13.0,6.0,3.230769,38858,consumer_metrics_run-20260224-003716_consumer-sts-3.csv,0.01763046544428773,1590
consumer-sts-3,skew,B0-R100-20260224-003716_0,1419,21,23.65,30.0,703,332.352,865.848,7.2,23.2,1621.403,15.0,8.0,3.733333,39563,consumer_metrics_run-20260224-003716_consumer-sts-3.csv,0.014799154334038054,1620
consumer-sts-3,skew,B0-R100-20260224-003716_0,1489,30,24.816667,30.0,784,566.467,875.649,7.2,23.3,1651.434,11.0,4.0,2.545455,40347,consumer_metrics_run-20260224-003716_consumer-sts-3.csv,0.020147750167897917,1650
consumer-sts-3,skew,B0-R100-20260224-003716_0,1423,30,23.716667,30.0,543,430.694,839.321,6.9,23.2,1681.457,10.0,7.0,4.9,40890,consumer_metrics_run-20260224-003716_consumer-sts-3.csv,0.02108222066057625,1680
consumer-sts-4,skew,B0-R100-20260224-003716_0,472,26,7.866667,30.0,472,1267.647,3022.751,0.0,31.2,30.031,9.0,3.0,2.333333,472,consumer_metrics_run-20260224-003716_consumer-sts-4.csv,0.05508474576271186,30
consumer-sts-4,skew,B0-R100-20260224-003716_0,1180,57,19.666667,30.0,707,709.318,1380.445,10.9,31.2,60.06,4.0,1.0,1.75,1180,consumer_metrics_run-20260224-003716_consumer-sts-4.csv,0.048305084745762714,60
consumer-sts-4,skew,B0-R100-20260224-003716_0,1467,47,24.45,30.0,760,470.674,970.75,10.5,31.2,90.087,23.0,8.0,2.434783,1940,consumer_metrics_run-20260224-003716_consumer-sts-4.csv,0.032038173142467624,90
consumer-sts-4,skew,B0-R100-20260224-003716_0,1506,41,25.1,30.0,746,488.473,1041.754,8.4,31.3,120.115,12.0,5.0,2.916667,2686,consumer_metrics_run-20260224-003716_consumer-sts-4.csv,0.027224435590969456,120
consumer-sts-4,skew,B0-R100-20260224-003716_0,1419,40,23.65,30.0,673,295.687,899.675,11.0,31.3,150.143,6.0,2.0,2.333333,3359,consumer_metrics_run-20260224-003716_consumer-sts-4.csv,0.028188865398167725,150
consumer-sts-4,skew,B0-R100-20260224-003716_0,1459,16,24.316667,30.0,786,313.217,762.611,10.7,31.3,180.179,11.0,4.0,2.545455,4145,consumer_metrics_run-20260224-003716_consumer-sts-4.csv,0.010966415352981495,180
consumer-sts-4,skew,B0-R100-20260224-003716_0,1502,6,25.033333,30.0,716,364.366,759.196,19.0,31.3,210.208,13.0,7.0,3.769231,4861,consumer_metrics_run-20260224-003716_consumer-sts-4.csv,0.0039946737683089215,210
consumer-sts-4,skew,B0-R100-20260224-003716_0,1465,17,24.416667,30.0,749,406.039,978.257,15.2,31.3,240.239,10.0,4.0,2.8,5610,consumer_metrics_run-20260224-003716_consumer-sts-4.csv,0.011604095563139932,240
consumer-sts-4,skew,B0-R100-20260224-003716_0,1457,30,24.283333,30.0,708,614.365,967.377,11.3,31.3,270.267,6.0,3.0,3.5,6318,consumer_metrics_run-20260224-003716_consumer-sts-4.csv,0.02059025394646534,270
consumer-sts-4,skew,B0-R100-20260224-003716_0,1448,44,24.133333,30.0,740,639.162,1355.313,15.2,31.3,300.297,28.0,7.0,1.75,7058,consumer_metrics_run-20260224-003716_consumer-sts-4.csv,0.03038674033149171,300
consumer-sts-4,skew,B0-R100-20260224-003716_0,1486,32,24.766667,30.0,746,301.265,790.156,16.0,31.3,330.327,10.0,3.0,2.1,7804,consumer_metrics_run-20260224-003716_consumer-sts-4.csv,0.021534320323014805,330
consumer-sts-4,skew,B0-R100-20260224-003716_0,1454,20,24.233333,30.0,708,455.134,1060.381,16.8,31.4,360.355,17.0,6.0,2.470588,8512,consumer_metrics_run-20260224-003716_consumer-sts-4.csv,0.013755158184319119,360
consumer-sts-4,skew,B0-R100-20260224-003716_0,1411,24,23.516667,30.0,703,306.371,868.886,16.8,31.4,390.383,13.0,5.0,2.692308,9215,consumer_metrics_run-20260224-003716_consumer-sts-4.csv,0.01700921332388377,390
consumer-sts-4,skew,B0-R100-20260224-003716_0,1433,10,23.883333,30.0,730,163.723,663.582,21.5,31.4,420.411,3.0,1.0,2.333333,9945,consumer_metrics_run-20260224-003716_consumer-sts-4.csv,0.006978367062107467,420
consumer-sts-4,skew,B0-R100-20260224-003716_0,1529,12,25.483333,30.0,799,389.238,873.154,21.3,31.4,450.439,14.0,6.0,3.0,10744,consumer_metrics_run-20260224-003716_consumer-sts-4.csv,0.007848266841072597,450
consumer-sts-4,skew,B0-R100-20260224-003716_0,1546,33,25.766667,30.0,746,491.527,1156.078,24.0,31.4,480.467,23.0,8.0,2.434783,11490,consumer_metrics_run-20260224-003716_consumer-sts-4.csv,0.021345407503234153,480
consumer-sts-4,skew,B0-R100-20260224-003716_0,1527,38,25.45,30.0,781,415.112,1042.757,24.8,31.4,510.495,19.0,6.0,2.210526,12271,consumer_metrics_run-20260224-003716_consumer-sts-4.csv,0.024885396201702686,510
consumer-sts-4,skew,B0-R100-20260224-003716_0,1543,47,25.716667,30.0,762,736.459,1168.748,26.0,31.5,540.523,20.0,6.0,2.1,13033,consumer_metrics_run-20260224-003716_consumer-sts-4.csv,0.0304601425793908,540
consumer-sts-4,skew,B0-R100-20260224-003716_0,1526,50,25.433333,30.0,764,480.5,1156.945,26.0,31.5,570.551,20.0,7.0,2.45,13797,consumer_metrics_run-20260224-003716_consumer-sts-4.csv,0.0327653997378768,570
consumer-sts-4,skew,B0-R100-20260224-003716_0,1472,36,24.533333,30.0,708,528.903,927.044,25.1,31.6,600.579,16.0,6.0,2.625,14505,consumer_metrics_run-20260224-003716_consumer-sts-4.csv,0.024456521739130436,600
consumer-sts-4,skew,B0-R100-20260224-003716_0,1488,50,24.8,30.0,780,729.316,1255.029,28.1,31.6,630.607,20.0,5.0,1.75,15285,consumer_metrics_run-20260224-003716_consumer-sts-4.csv,0.033602150537634407,630
consumer-sts-4,skew,B0-R100-20260224-003716_0,1505,64,25.083333,30.0,725,682.981,1185.734,24.9,31.7,660.635,17.0,7.0,2.882353,16010,consumer_metrics_run-20260224-003716_consumer-sts-4.csv,0.0425249169435216,660
consumer-sts-4,skew,B0-R100-20260224-003716_0,1459,57,24.316667,30.0,734,723.278,1405.45,25.5,31.7,690.663,21.0,6.0,2.0,16744,consumer_metrics_run-20260224-003716_consumer-sts-4.csv,0.03906785469499657,690
consumer-sts-4,skew,B0-R100-20260224-003716_0,1413,47,23.55,30.0,675,418.858,1044.062,24.6,31.7,720.691,7.0,3.0,3.0,17419,consumer_metrics_run-20260224-003716_consumer-sts-4.csv,0.03326256192498231,720
consumer-sts-4,skew,B0-R100-20260224-003716_0,1393,31,23.216667,30.0,718,403.646,966.99,25.9,31.7,750.719,10.0,4.0,2.8,18137,consumer_metrics_run-20260224-003716_consumer-sts-4.csv,0.022254127781765973,750
consumer-sts-4,skew,B0-R100-20260224-003716_0,1496,24,24.933333,30.0,778,284.104,930.316,25.6,31.7,780.747,14.0,6.0,3.0,18915,consumer_metrics_run-20260224-003716_consumer-sts-4.csv,0.016042780748663103,780
consumer-sts-4,skew,B0-R100-20260224-003716_0,1418,13,23.633333,30.0,638,281.582,607.787,25.0,31.7,810.775,9.0,3.0,2.333333,19553,consumer_metrics_run-20260224-003716_consumer-sts-4.csv,0.009167842031029619,810
consumer-sts-4,skew,B0-R100-20260224-003716_0,1355,20,22.583333,30.0,717,554.477,1314.74,22.9,31.8,840.803,11.0,4.0,2.545455,20270,consumer_metrics_run-20260224-003716_consumer-sts-4.csv,0.014760147601476014,840
consumer-sts-4,skew,B0-R100-20260224-003716_0,1487,31,24.783333,30.0,767,556.77,1005.381,22.6,31.8,870.832,19.0,7.0,2.578947,21037,consumer_metrics_run-20260224-003716_consumer-sts-4.csv,0.020847343644922665,870
consumer-sts-4,skew,B0-R100-20260224-003716_0,1573,11,26.216667,30.0,805,230.248,633.282,22.3,31.7,900.863,6.0,3.0,3.5,21842,consumer_metrics_run-20260224-003716_consumer-sts-4.csv,0.006993006993006993,900
consumer-sts-4,skew,B0-R100-20260224-003716_0,1535,28,25.583333,30.0,730,717.829,1190.786,21.5,31.9,930.891,27.0,6.0,1.555556,22572,consumer_metrics_run-20260224-003716_consumer-sts-4.csv,0.018241042345276872,930
consumer-sts-4,skew,B0-R100-20260224-003716_0,1456,58,24.266667,30.0,726,645.956,1312.128,21.9,31.8,960.919,14.0,5.0,2.5,23298,consumer_metrics_run-20260224-003716_consumer-sts-4.csv,0.03983516483516483,960
consumer-sts-4,skew,B0-R100-20260224-003716_0,1457,40,24.283333,30.0,731,298.085,948.698,20.7,31.8,990.947,13.0,5.0,2.692308,24029,consumer_metrics_run-20260224-003716_consumer-sts-4.csv,0.027453671928620454,990
consumer-sts-4,skew,B0-R100-20260224-003716_0,1473,29,24.55,30.0,741,398.49,1215.176,16.2,31.8,1020.975,6.0,2.0,2.333333,24770,consumer_metrics_run-20260224-003716_consumer-sts-4.csv,0.019687712152070606,1020
consumer-sts-4,skew,B0-R100-20260224-003716_0,1463,31,24.383333,30.0,722,527.26,922.134,12.5,31.8,1051.003,11.0,4.0,2.545455,25492,consumer_metrics_run-20260224-003716_consumer-sts-4.csv,0.021189336978810664,1050
consumer-sts-4,skew,B0-R100-20260224-003716_0,1428,12,23.8,30.0,706,319.497,680.267,11.1,31.8,1081.031,9.0,4.0,3.111111,26198,consumer_metrics_run-20260224-003716_consumer-sts-4.csv,0.008403361344537815,1080
consumer-sts-4,skew,B0-R100-20260224-003716_0,1475,4,24.583333,30.0,769,277.384,710.936,10.7,31.8,1111.047,9.0,4.0,3.111111,26967,consumer_metrics_run-20260224-003716_consumer-sts-4.csv,0.002711864406779661,1110
consumer-sts-4,skew,B0-R100-20260224-003716_0,1493,11,24.883333,30.0,724,331.756,749.509,6.7,31.8,1141.075,13.0,7.0,3.769231,27691,consumer_metrics_run-20260224-003716_consumer-sts-4.csv,0.007367716008037508,1140
consumer-sts-4,skew,B0-R100-20260224-003716_0,1486,9,24.766667,30.0,762,275.366,649.086,5.1,31.9,1171.103,10.0,3.0,2.1,28453,consumer_metrics_run-20260224-003716_consumer-sts-4.csv,0.006056527590847914,1170
consumer-sts-4,skew,B0-R100-20260224-003716_0,1463,32,24.383333,30.0,700,690.474,1141.894,9.0,31.9,1201.133,20.0,7.0,2.45,29153,consumer_metrics_run-20260224-003716_consumer-sts-4.csv,0.021872863978127138,1200
consumer-sts-4,skew,B0-R100-20260224-003716_0,1466,48,24.433333,30.0,766,379.669,1262.415,14.9,31.9,1231.163,10.0,3.0,2.1,29919,consumer_metrics_run-20260224-003716_consumer-sts-4.csv,0.03274215552523874,1230
consumer-sts-4,skew,B0-R100-20260224-003716_0,1486,31,24.766667,30.0,718,333.391,886.176,19.0,31.9,1261.193,13.0,4.0,2.153846,30637,consumer_metrics_run-20260224-003716_consumer-sts-4.csv,0.02086137281292059,1260
consumer-sts-4,skew,B0-R100-20260224-003716_0,1480,29,24.666667,30.0,762,480.364,945.734,19.6,31.9,1291.223,19.0,5.0,1.842105,31399,consumer_metrics_run-20260224-003716_consumer-sts-4.csv,0.019594594594594596,1290
consumer-sts-4,skew,B0-R100-20260224-003716_0,1502,71,25.033333,30.0,740,1006.11,1451.769,18.6,32.0,1321.252,8.0,3.0,2.625,32139,consumer_metrics_run-20260224-003716_consumer-sts-4.csv,0.04727030625832224,1320
consumer-sts-4,skew,B0-R100-20260224-003716_0,1487,59,24.783333,30.0,745,220.557,700.522,18.0,31.9,1351.279,13.0,8.0,4.307692,32885,consumer_metrics_run-20260224-003716_consumer-sts-4.csv,0.03967720242098184,1350
consumer-sts-4,skew,B0-R100-20260224-003716_0,1455,15,24.25,30.0,709,542.674,939.842,16.5,31.9,1381.307,13.0,5.0,2.692308,33594,consumer_metrics_run-20260224-003716_consumer-sts-4.csv,0.010309278350515464,1380
consumer-sts-4,skew,B0-R100-20260224-003716_0,1399,21,23.316667,30.0,690,319.815,823.121,14.3,32.0,1411.335,13.0,4.0,2.153846,34284,consumer_metrics_run-20260224-003716_consumer-sts-4.csv,0.01501072194424589,1410
consumer-sts-4,skew,B0-R100-20260224-003716_0,1414,11,23.566667,30.0,724,229.657,567.439,12.4,32.0,1441.363,14.0,7.0,3.5,35008,consumer_metrics_run-20260224-003716_consumer-sts-4.csv,0.007779349363507779,1440
consumer-sts-4,skew,B0-R100-20260224-003716_0,1409,17,23.483333,30.0,685,600.467,874.209,11.7,32.1,1471.393,15.0,6.0,2.8,35693,consumer_metrics_run-20260224-003716_consumer-sts-4.csv,0.0120652945351313,1470
consumer-sts-4,skew,B0-R100-20260224-003716_0,1416,23,23.6,30.0,731,354.165,688.83,11.4,32.0,1501.423,12.0,4.0,2.333333,36424,consumer_metrics_run-20260224-003716_consumer-sts-4.csv,0.016242937853107344,1500
consumer-sts-4,skew,B0-R100-20260224-003716_0,1526,34,25.433333,30.0,793,723.8,1073.312,9.0,32.0,1531.453,15.0,5.0,2.333333,37217,consumer_metrics_run-20260224-003716_consumer-sts-4.csv,0.022280471821756225,1530
consumer-sts-4,skew,B0-R100-20260224-003716_0,1484,32,24.733333,30.0,689,369.848,762.762,5.1,32.0,1561.483,9.0,5.0,3.888889,37906,consumer_metrics_run-20260224-003716_consumer-sts-4.csv,0.0215633423180593,1560
consumer-sts-4,skew,B0-R100-20260224-003716_0,1385,31,23.083333,30.0,696,626.426,999.099,5.2,32.0,1591.514,14.0,5.0,2.5,38602,consumer_metrics_run-20260224-003716_consumer-sts-4.csv,0.022382671480144403,1590
consumer-sts-4,skew,B0-R100-20260224-003716_0,1385,27,23.083333,30.0,689,333.117,628.165,4.9,32.0,1621.543,10.0,4.0,2.8,39291,consumer_metrics_run-20260224-003716_consumer-sts-4.csv,0.019494584837545126,1620
consumer-sts-4,skew,B0-R100-20260224-003716_0,1434,1,23.9,30.0,745,301.302,672.093,5.6,32.1,1651.571,14.0,3.0,1.5,40036,consumer_metrics_run-20260224-003716_consumer-sts-4.csv,0.000697350069735007,1650
consumer-sts-4,skew,B0-R100-20260224-003716_0,1385,3,23.083333,30.0,519,304.256,731.506,15.3,32.1,1681.599,7.0,3.0,3.0,40555,consumer_metrics_run-20260224-003716_consumer-sts-4.csv,0.0021660649819494585,1680
consumer-sts-5,skew,B0-R100-20260224-003716_0,2019,2008,33.65,30.0,2019,4438.847,4526.05,0.0,18.1,30.032,191.0,147.0,6.157068,2019,consumer_metrics_run-20260224-003716_consumer-sts-5.csv,0.9945517582961863,30
consumer-sts-5,skew,B0-R100-20260224-003716_0,4791,4780,79.85,30.0,2768,11100.557,11240.675,5.0,18.1,60.064,980.0,774.0,6.318367,4791,consumer_metrics_run-20260224-003716_consumer-sts-5.csv,0.9977040283865581,60
consumer-sts-5,skew,B0-R100-20260224-003716_0,5583,5583,93.05,30.0,2812,16786.182,16926.684,4.6,18.1,90.095,1624.0,1281.0,6.310345,7607,consumer_metrics_run-20260224-003716_consumer-sts-5.csv,1.0,90
consumer-sts-5,skew,B0-R100-20260224-003716_0,5576,5576,92.933333,30.0,2760,23267.257,23417.934,4.7,18.2,120.107,2380.0,1855.0,6.235294,10370,consumer_metrics_run-20260224-003716_consumer-sts-5.csv,1.0,120
consumer-sts-5,skew,B0-R100-20260224-003716_0,5624,5624,93.733333,30.0,2861,29435.605,29633.749,4.5,18.2,150.138,3207.0,2526.0,6.301216,13235,consumer_metrics_run-20260224-003716_consumer-sts-5.csv,1.0,150
consumer-sts-5,skew,B0-R100-20260224-003716_0,5685,5685,94.75,30.0,2821,35679.69,35946.242,6.1,18.2,180.169,3877.0,3061.0,6.316224,16061,consumer_metrics_run-20260224-003716_consumer-sts-5.csv,1.0,180
consumer-sts-5,skew,B0-R100-20260224-003716_0,5774,5774,96.233333,30.0,2950,40562.433,40694.698,5.5,18.2,210.193,4510.0,3603.0,6.391131,19014,consumer_metrics_run-20260224-003716_consumer-sts-5.csv,1.0,210
consumer-sts-5,skew,B0-R100-20260224-003716_0,5903,5903,98.383333,30.0,2950,44859.987,46237.889,4.9,18.2,240.194,5070.0,3992.0,6.299014,21965,consumer_metrics_run-20260224-003716_consumer-sts-5.csv,1.0,240
consumer-sts-5,skew,B0-R100-20260224-003716_0,5903,5903,98.383333,30.0,2951,51480.209,56266.969,4.8,18.2,270.226,5617.0,4489.0,6.393448,24920,consumer_metrics_run-20260224-003716_consumer-sts-5.csv,1.0,270
consumer-sts-5,skew,B0-R100-20260224-003716_0,5903,5903,98.383333,30.0,2950,57492.6,64583.219,5.1,18.2,300.257,6209.0,4993.0,6.433242,27874,consumer_metrics_run-20260224-003716_consumer-sts-5.csv,1.0,300
consumer-sts-5,skew,B0-R100-20260224-003716_0,5901,5901,98.35,30.0,2948,62789.405,62879.342,5.0,18.2,330.288,6820.0,5737.0,6.729619,30826,consumer_metrics_run-20260224-003716_consumer-sts-5.csv,1.0,330
consumer-sts-5,skew,B0-R100-20260224-003716_0,5898,5898,98.3,30.0,2947,69516.678,70107.12,4.9,18.2,360.319,7445.0,6354.0,6.82767,33778,consumer_metrics_run-20260224-003716_consumer-sts-5.csv,1.0,360
consumer-sts-5,skew,B0-R100-20260224-003716_0,5901,5901,98.35,30.0,2951,74398.064,74439.392,4.7,18.2,390.344,8045.0,6913.0,6.874332,36732,consumer_metrics_run-20260224-003716_consumer-sts-5.csv,1.0,390
consumer-sts-5,skew,B0-R100-20260224-003716_0,5891,5891,98.183333,30.0,2938,81833.876,82490.804,4.9,18.2,420.363,8605.0,7414.0,6.892737,39673,consumer_metrics_run-20260224-003716_consumer-sts-5.csv,1.0,420
consumer-sts-5,skew,B0-R100-20260224-003716_0,5846,5846,97.433333,30.0,2905,89467.117,90356.612,4.7,18.2,450.395,9192.0,8095.0,7.045257,42582,consumer_metrics_run-20260224-003716_consumer-sts-5.csv,1.0,450
consumer-sts-5,skew,B0-R100-20260224-003716_0,5858,5858,97.633333,30.0,2950,95058.61,95139.839,4.8,18.2,480.402,9777.0,8750.0,7.15966,45534,consumer_metrics_run-20260224-003716_consumer-sts-5.csv,1.0,480
consumer-sts-5,skew,B0-R100-20260224-003716_0,5903,5903,98.383333,30.0,2951,101746.274,102844.057,5.1,18.2,510.416,10293.0,9241.0,7.182357,48487,consumer_metrics_run-20260224-003716_consumer-sts-5.csv,1.0,510
consumer-sts-5,skew,B0-R100-20260224-003716_0,5894,5894,98.233333,30.0,2942,107940.892,109457.353,4.7,18.2,540.446,10869.0,9809.0,7.219799,51432,consumer_metrics_run-20260224-003716_consumer-sts-5.csv,1.0,540
consumer-sts-5,skew,B0-R100-20260224-003716_0,5894,5894,98.233333,30.0,2950,115212.316,115310.389,4.7,18.2,570.471,11437.0,10291.0,7.198391,54385,consumer_metrics_run-20260224-003716_consumer-sts-5.csv,1.0,570
consumer-sts-5,skew,B0-R100-20260224-003716_0,5902,5902,98.366667,30.0,2949,120838.734,120913.357,4.8,18.2,600.495,12093.0,10891.0,7.204829,57338,consumer_metrics_run-20260224-003716_consumer-sts-5.csv,1.0,600
consumer-sts-5,skew,B0-R100-20260224-003716_0,5903,5903,98.383333,30.0,2951,127381.088,128009.913,4.9,18.2,630.525,12595.0,11548.0,7.334974,60293,consumer_metrics_run-20260224-003716_consumer-sts-5.csv,1.0,630
consumer-sts-5,skew,B0-R100-20260224-003716_0,5903,5903,98.383333,30.0,2951,133139.405,133230.268,4.8,18.2,660.542,13213.0,12146.0,7.35397,63246,consumer_metrics_run-20260224-003716_consumer-sts-5.csv,1.0,660
consumer-sts-5,skew,B0-R100-20260224-003716_0,5903,5903,98.383333,30.0,2951,139165.171,139344.52,4.9,18.2,690.56,13766.0,12585.0,7.313671,66199,consumer_metrics_run-20260224-003716_consumer-sts-5.csv,1.0,690
consumer-sts-5,skew,B0-R100-20260224-003716_0,5903,5903,98.383333,30.0,2950,144012.957,146020.131,4.8,18.2,720.562,14333.0,13196.0,7.365381,69150,consumer_metrics_run-20260224-003716_consumer-sts-5.csv,1.0,720
consumer-sts-5,skew,B0-R100-20260224-003716_0,5903,5903,98.383333,30.0,2950,151416.533,152087.597,4.8,18.2,750.57,14888.0,13829.0,7.430951,72102,consumer_metrics_run-20260224-003716_consumer-sts-5.csv,1.0,750
consumer-sts-5,skew,B0-R100-20260224-003716_0,5902,5902,98.366667,30.0,2949,156842.604,158144.032,5.8,18.2,780.601,15485.0,14375.0,7.426542,75055,consumer_metrics_run-20260224-003716_consumer-sts-5.csv,1.0,780
consumer-sts-5,skew,B0-R100-20260224-003716_0,5901,5901,98.35,30.0,2950,163367.173,164104.527,7.6,18.2,810.609,16088.0,14996.0,7.456987,78007,consumer_metrics_run-20260224-003716_consumer-sts-5.csv,1.0,810
consumer-sts-5,skew,B0-R100-20260224-003716_0,5901,5901,98.35,30.0,2949,167976.217,168029.055,5.6,18.2,840.64,16813.0,15688.0,7.4647,80960,consumer_metrics_run-20260224-003716_consumer-sts-5.csv,1.0,840
consumer-sts-5,skew,B0-R100-20260224-003716_0,5901,5901,98.35,30.0,2949,174700.852,174770.231,5.7,18.2,870.671,17359.0,16354.0,7.53684,83913,consumer_metrics_run-20260224-003716_consumer-sts-5.csv,1.0,870
consumer-sts-5,skew,B0-R100-20260224-003716_0,5902,5902,98.366667,30.0,2950,180311.89,180486.996,4.7,18.2,900.692,17973.0,16930.0,7.535748,86867,consumer_metrics_run-20260224-003716_consumer-sts-5.csv,1.0,900
consumer-sts-5,skew,B0-R100-20260224-003716_0,5903,5903,98.383333,30.0,2951,187569.131,187962.594,5.0,18.3,930.723,18502.0,17371.0,7.510972,89821,consumer_metrics_run-20260224-003716_consumer-sts-5.csv,1.0,930
consumer-sts-5,skew,B0-R100-20260224-003716_0,5903,5903,98.383333,30.0,2950,193702.895,193742.571,5.0,18.2,960.754,19119.0,18030.0,7.544328,92775,consumer_metrics_run-20260224-003716_consumer-sts-5.csv,1.0,960
consumer-sts-5,skew,B0-R100-20260224-003716_0,5902,5902,98.366667,30.0,2949,198911.009,199053.961,4.7,18.2,990.785,19640.0,18682.0,7.609776,95728,consumer_metrics_run-20260224-003716_consumer-sts-5.csv,1.0,990
consumer-sts-5,skew,B0-R100-20260224-003716_0,5901,5901,98.35,30.0,2950,205941.237,206179.619,4.5,18.2,1020.815,20247.0,19130.0,7.558651,98682,consumer_metrics_run-20260224-003716_consumer-sts-5.csv,1.0,1020
consumer-sts-5,skew,B0-R100-20260224-003716_0,5900,5900,98.333333,30.0,2948,212124.395,213858.169,4.7,18.2,1050.83,20791.0,19657.0,7.563657,101632,consumer_metrics_run-20260224-003716_consumer-sts-5.csv,1.0,1050
consumer-sts-5,skew,B0-R100-20260224-003716_0,5866,5866,97.766667,30.0,2916,217300.679,218936.601,4.6,18.2,1080.861,21378.0,20202.0,7.559921,104552,consumer_metrics_run-20260224-003716_consumer-sts-5.csv,1.0,1080
consumer-sts-5,skew,B0-R100-20260224-003716_0,5868,5868,97.8,30.0,2950,226787.76,226901.194,4.6,18.2,1110.892,21964.0,20901.0,7.612821,107506,consumer_metrics_run-20260224-003716_consumer-sts-5.csv,1.0,1110
consumer-sts-5,skew,B0-R100-20260224-003716_0,5903,5903,98.383333,30.0,2950,233498.897,233799.057,4.5,18.2,1140.923,22561.0,21499.0,7.623421,110460,consumer_metrics_run-20260224-003716_consumer-sts-5.csv,1.0,1140
consumer-sts-5,skew,B0-R100-20260224-003716_0,5902,5902,98.366667,30.0,2950,237611.239,238829.388,4.6,18.2,1170.924,23138.0,22095.0,7.639381,113411,consumer_metrics_run-20260224-003716_consumer-sts-5.csv,1.0,1170
consumer-sts-5,skew,B0-R100-20260224-003716_0,5902,5902,98.366667,30.0,2950,244174.618,244218.935,4.3,18.2,1200.955,23647.0,22542.0,7.626168,116365,consumer_metrics_run-20260224-003716_consumer-sts-5.csv,1.0,1200
consumer-sts-5,skew,B0-R100-20260224-003716_0,5903,5903,98.383333,30.0,2950,250350.112,250442.879,4.6,18.1,1230.986,24223.0,23193.0,7.659827,119319,consumer_metrics_run-20260224-003716_consumer-sts-5.csv,1.0,1230
consumer-sts-5,skew,B0-R100-20260224-003716_0,5903,5903,98.383333,30.0,2950,257543.306,257648.208,4.4,18.2,1261.017,24731.0,23676.0,7.658728,122273,consumer_metrics_run-20260224-003716_consumer-sts-5.csv,1.0,1260
consumer-sts-5,skew,B0-R100-20260224-003716_0,5875,5875,97.916667,30.0,2923,263224.128,263264.626,4.7,18.2,1291.048,25291.0,24178.0,7.647938,125200,consumer_metrics_run-20260224-003716_consumer-sts-5.csv,1.0,1290
consumer-sts-5,skew,B0-R100-20260224-003716_0,5875,5875,97.916667,30.0,2950,268112.759,268258.55,4.3,18.2,1321.061,25808.0,24764.0,7.676379,128152,consumer_metrics_run-20260224-003716_consumer-sts-5.csv,1.0,1320
consumer-sts-5,skew,B0-R100-20260224-003716_0,5903,5903,98.383333,30.0,2950,274799.268,274887.265,4.6,18.2,1351.09,26413.0,25307.0,7.665013,131106,consumer_metrics_run-20260224-003716_consumer-sts-5.csv,1.0,1350
consumer-sts-5,skew,B0-R100-20260224-003716_0,5903,5903,98.383333,30.0,2950,281662.51,281826.8,6.3,18.3,1381.121,27078.0,25916.0,7.656695,134060,consumer_metrics_run-20260224-003716_consumer-sts-5.csv,1.0,1380
consumer-sts-5,skew,B0-R100-20260224-003716_0,5901,5901,98.35,30.0,2949,285420.941,285507.104,7.2,18.2,1411.132,27667.0,26453.0,7.648968,137011,consumer_metrics_run-20260224-003716_consumer-sts-5.csv,1.0,1410
consumer-sts-5,skew,B0-R100-20260224-003716_0,5901,5901,98.35,30.0,2949,293981.282,294128.378,6.6,18.2,1441.158,28238.0,27070.0,7.669098,139965,consumer_metrics_run-20260224-003716_consumer-sts-5.csv,1.0,1440
consumer-sts-5,skew,B0-R100-20260224-003716_0,5902,5902,98.366667,30.0,2949,299812.564,299888.169,5.5,18.2,1471.189,28796.0,27755.0,7.710793,142918,consumer_metrics_run-20260224-003716_consumer-sts-5.csv,1.0,1470
consumer-sts-5,skew,B0-R100-20260224-003716_0,5902,5902,98.366667,30.0,2950,307518.733,307625.9,5.1,18.2,1501.219,29393.0,28309.0,7.704964,145872,consumer_metrics_run-20260224-003716_consumer-sts-5.csv,1.0,1500
consumer-sts-5,skew,B0-R100-20260224-003716_0,5881,5881,98.016667,30.0,2928,310166.016,312017.003,4.8,18.2,1531.237,29929.0,28786.0,7.694477,148803,consumer_metrics_run-20260224-003716_consumer-sts-5.csv,1.0,1530
consumer-sts-5,skew,B0-R100-20260224-003716_0,5881,5881,98.016667,30.0,2950,317666.604,317716.151,4.6,18.2,1561.241,30498.0,29423.0,7.718014,151755,consumer_metrics_run-20260224-003716_consumer-sts-5.csv,1.0,1560
consumer-sts-5,skew,B0-R100-20260224-003716_0,5902,5902,98.366667,30.0,2949,325248.349,325314.952,4.8,18.2,1591.272,31121.0,29809.0,7.662736,154709,consumer_metrics_run-20260224-003716_consumer-sts-5.csv,1.0,1590
consumer-sts-5,skew,B0-R100-20260224-003716_0,5902,5902,98.366667,30.0,2949,331334.915,331424.074,4.7,18.2,1621.303,31657.0,30532.0,7.715703,157663,consumer_metrics_run-20260224-003716_consumer-sts-5.csv,1.0,1620
consumer-sts-5,skew,B0-R100-20260224-003716_0,5903,5903,98.383333,30.0,2951,336355.517,336406.646,4.8,18.2,1651.335,32260.0,31176.0,7.731184,160617,consumer_metrics_run-20260224-003716_consumer-sts-5.csv,1.0,1650
consumer-sts-5,skew,B0-R100-20260224-003716_0,5869,5869,97.816667,30.0,2916,344681.544,344876.779,4.2,18.2,1681.366,32787.0,31738.0,7.744045,163537,consumer_metrics_run-20260224-003716_consumer-sts-5.csv,1.0,1680
consumer-sts-6,skew,B0-R100-20260224-003716_0,606,36,10.1,30.0,606,925.207,3264.429,0.0,30.1,30.032,13.0,7.0,4.307692,606,consumer_metrics_run-20260224-003716_consumer-sts-6.csv,0.0594059405940594,30
consumer-sts-6,skew,B0-R100-20260224-003716_0,1424,56,23.733333,30.0,818,557.919,995.017,4.2,30.1,60.062,6.0,2.0,2.666667,1424,consumer_metrics_run-20260224-003716_consumer-sts-6.csv,0.03932584269662921,60
consumer-sts-6,skew,B0-R100-20260224-003716_0,1681,20,28.016667,30.0,863,222.747,468.179,4.2,30.1,90.093,6.0,3.0,4.0,2287,consumer_metrics_run-20260224-003716_consumer-sts-6.csv,0.01189767995240928,90
consumer-sts-6,skew,B0-R100-20260224-003716_0,1648,33,27.466667,30.0,785,674.502,1148.943,4.1,30.1,120.122,25.0,8.0,2.56,3072,consumer_metrics_run-20260224-003716_consumer-sts-6.csv,0.020024271844660196,120
consumer-sts-6,skew,B0-R100-20260224-003716_0,1620,62,27.0,30.0,835,568.261,1025.417,4.5,30.1,150.15,10.0,3.0,2.4,3907,consumer_metrics_run-20260224-003716_consumer-sts-6.csv,0.03827160493827161,150
consumer-sts-6,skew,B0-R100-20260224-003716_0,1665,64,27.75,30.0,830,658.089,1012.44,5.8,30.2,180.178,13.0,4.0,2.461538,4737,consumer_metrics_run-20260224-003716_consumer-sts-6.csv,0.03843843843843844,180
consumer-sts-6,skew,B0-R100-20260224-003716_0,1659,64,27.65,30.0,828,488.587,1271.487,4.6,30.3,210.208,20.0,7.0,2.8,5565,consumer_metrics_run-20260224-003716_consumer-sts-6.csv,0.038577456298975285,210
consumer-sts-6,skew,B0-R100-20260224-003716_0,1682,49,28.033333,30.0,852,548.532,1075.458,4.5,30.3,240.239,20.0,7.0,2.8,6417,consumer_metrics_run-20260224-003716_consumer-sts-6.csv,0.029131985731272295,240
consumer-sts-6,skew,B0-R100-20260224-003716_0,1699,36,28.316667,30.0,847,408.577,854.294,4.6,30.1,270.27,14.0,5.0,2.857143,7264,consumer_metrics_run-20260224-003716_consumer-sts-6.csv,0.02118893466745144,270
consumer-sts-6,skew,B0-R100-20260224-003716_0,1679,46,27.983333,30.0,832,702.228,1255.782,4.4,30.2,300.284,20.0,4.0,1.6,8096,consumer_metrics_run-20260224-003716_consumer-sts-6.csv,0.0273972602739726,300
consumer-sts-6,skew,B0-R100-20260224-003716_0,1705,40,28.416667,30.0,873,379.17,812.769,4.3,30.1,330.314,10.0,3.0,2.4,8969,consumer_metrics_run-20260224-003716_consumer-sts-6.csv,0.02346041055718475,330
consumer-sts-6,skew,B0-R100-20260224-003716_0,1679,35,27.983333,30.0,806,578.783,1163.31,4.3,30.1,360.345,11.0,3.0,2.181818,9775,consumer_metrics_run-20260224-003716_consumer-sts-6.csv,0.02084574151280524,360
consumer-sts-6,skew,B0-R100-20260224-003716_0,1660,43,27.666667,30.0,853,477.445,893.856,4.6,30.1,390.374,13.0,4.0,2.461538,10628,consumer_metrics_run-20260224-003716_consumer-sts-6.csv,0.025903614457831327,390
consumer-sts-6,skew,B0-R100-20260224-003716_0,1710,52,28.5,30.0,857,705.816,1128.292,4.2,30.2,420.386,26.0,13.0,4.0,11485,consumer_metrics_run-20260224-003716_consumer-sts-6.csv,0.0304093567251462,420
consumer-sts-6,skew,B0-R100-20260224-003716_0,1696,55,28.266667,30.0,839,514.844,1152.776,4.2,30.1,450.418,15.0,7.0,3.733333,12324,consumer_metrics_run-20260224-003716_consumer-sts-6.csv,0.03242924528301887,450
consumer-sts-6,skew,B0-R100-20260224-003716_0,1624,36,27.066667,30.0,785,424.355,848.282,4.4,30.1,480.446,17.0,6.0,2.823529,13109,consumer_metrics_run-20260224-003716_consumer-sts-6.csv,0.022167487684729065,480
consumer-sts-6,skew,B0-R100-20260224-003716_0,1623,56,27.05,30.0,833,737.697,1848.492,4.2,30.1,510.456,5.0,3.0,4.8,13942,consumer_metrics_run-20260224-003716_consumer-sts-6.csv,0.03450400492914356,510
consumer-sts-6,skew,B0-R100-20260224-003716_0,1704,42,28.4,30.0,871,306.734,649.858,4.1,30.1,540.486,7.0,2.0,2.285714,14813,consumer_metrics_run-20260224-003716_consumer-sts-6.csv,0.02464788732394366,540
consumer-sts-6,skew,B0-R100-20260224-003716_0,1718,36,28.633333,30.0,847,639.055,1633.973,3.8,30.1,570.517,8.0,2.0,2.0,15660,consumer_metrics_run-20260224-003716_consumer-sts-6.csv,0.020954598370197905,570
consumer-sts-6,skew,B0-R100-20260224-003716_0,1724,50,28.733333,30.0,877,404.23,914.002,4.1,30.1,600.548,6.0,3.0,4.0,16537,consumer_metrics_run-20260224-003716_consumer-sts-6.csv,0.029002320185614848,600
consumer-sts-6,skew,B0-R100-20260224-003716_0,1716,22,28.6,30.0,839,547.75,798.633,5.1,30.2,630.575,6.0,2.0,2.666667,17376,consumer_metrics_run-20260224-003716_consumer-sts-6.csv,0.01282051282051282,630
consumer-sts-6,skew,B0-R100-20260224-003716_0,1687,25,28.116667,30.0,847,405.123,931.505,4.6,30.2,660.606,9.0,4.0,3.555556,18223,consumer_metrics_run-20260224-003716_consumer-sts-6.csv,0.014819205690574985,660
consumer-sts-6,skew,B0-R100-20260224-003716_0,1686,29,28.1,30.0,839,495.662,867.296,4.4,30.2,690.634,10.0,2.0,1.6,19062,consumer_metrics_run-20260224-003716_consumer-sts-6.csv,0.01720047449584816,690
consumer-sts-6,skew,B0-R100-20260224-003716_0,1684,11,28.066667,30.0,845,160.859,500.647,4.9,30.2,720.665,5.0,2.0,3.2,19907,consumer_metrics_run-20260224-003716_consumer-sts-6.csv,0.006532066508313539,720
consumer-sts-6,skew,B0-R100-20260224-003716_0,1691,0,28.183333,30.0,846,395.924,645.171,4.6,30.2,750.694,12.0,5.0,3.333333,20753,consumer_metrics_run-20260224-003716_consumer-sts-6.csv,0.0,750
consumer-sts-6,skew,B0-R100-20260224-003716_0,1703,43,28.383333,30.0,857,798.154,1242.075,5.6,30.3,780.722,11.0,5.0,3.636364,21610,consumer_metrics_run-20260224-003716_consumer-sts-6.csv,0.02524955960070464,780
consumer-sts-6,skew,B0-R100-20260224-003716_0,1668,69,27.8,30.0,810,516.756,1081.992,4.3,30.3,810.726,11.0,3.0,2.181818,22420,consumer_metrics_run-20260224-003716_consumer-sts-6.csv,0.04136690647482014,810
consumer-sts-6,skew,B0-R100-20260224-003716_0,1589,31,26.483333,30.0,779,273.832,705.158,4.2,30.3,840.754,7.0,3.0,3.428571,23199,consumer_metrics_run-20260224-003716_consumer-sts-6.csv,0.019509125235997484,840
consumer-sts-6,skew,B0-R100-20260224-003716_0,1651,10,27.516667,30.0,872,279.316,719.321,4.3,30.1,870.782,13.0,6.0,3.692308,24071,consumer_metrics_run-20260224-003716_consumer-sts-6.csv,0.0060569351907934586,870
consumer-sts-6,skew,B0-R100-20260224-003716_0,1686,49,28.1,30.0,814,916.313,1414.828,4.0,30.1,900.81,6.0,3.0,4.0,24885,consumer_metrics_run-20260224-003716_consumer-sts-6.csv,0.029062870699881376,900
consumer-sts-6,skew,B0-R100-20260224-003716_0,1654,72,27.566667,30.0,840,534.635,1181.405,4.0,30.1,930.841,21.0,6.0,2.285714,25725,consumer_metrics_run-20260224-003716_consumer-sts-6.csv,0.04353083434099154,930
consumer-sts-6,skew,B0-R100-20260224-003716_0,1636,61,27.266667,30.0,796,683.98,1180.811,4.2,30.1,960.87,17.0,7.0,3.294118,26521,consumer_metrics_run-20260224-003716_consumer-sts-6.csv,0.03728606356968215,960
consumer-sts-6,skew,B0-R100-20260224-003716_0,1670,48,27.833333,30.0,871,396.799,960.903,4.2,30.1,990.898,14.0,4.0,2.285714,27392,consumer_metrics_run-20260224-003716_consumer-sts-6.csv,0.02874251497005988,990
consumer-sts-6,skew,B0-R100-20260224-003716_0,1723,28,28.716667,30.0,852,388.677,902.202,4.7,30.2,1020.926,24.0,6.0,2.0,28244,consumer_metrics_run-20260224-003716_consumer-sts-6.csv,0.01625072547881602,1020
consumer-sts-6,skew,B0-R100-20260224-003716_0,1638,59,27.3,30.0,781,881.511,1068.313,4.3,30.1,1050.954,21.0,8.0,3.047619,29025,consumer_metrics_run-20260224-003716_consumer-sts-6.csv,0.036019536019536016,1050
consumer-sts-6,skew,B0-R100-20260224-003716_0,1648,76,27.466667,30.0,866,619.268,1382.975,4.5,30.1,1080.982,25.0,7.0,2.24,29891,consumer_metrics_run-20260224-003716_consumer-sts-6.csv,0.04611650485436893,1080
consumer-sts-6,skew,B0-R100-20260224-003716_0,1734,40,28.9,30.0,868,322.05,850.587,4.5,30.1,1111.01,10.0,3.0,2.4,30759,consumer_metrics_run-20260224-003716_consumer-sts-6.csv,0.02306805074971165,1110
consumer-sts-6,skew,B0-R100-20260224-003716_0,1686,18,28.1,30.0,818,324.792,759.718,4.1,30.1,1141.038,10.0,3.0,2.4,31577,consumer_metrics_run-20260224-003716_consumer-sts-6.csv,0.010676156583629894,1140
consumer-sts-6,skew,B0-R100-20260224-003716_0,1635,37,27.25,30.0,817,620.995,995.258,3.9,30.1,1171.069,16.0,5.0,2.5,32394,consumer_metrics_run-20260224-003716_consumer-sts-6.csv,0.022629969418960245,1170
consumer-sts-6,skew,B0-R100-20260224-003716_0,1660,47,27.666667,30.0,840,554.15,937.326,4.1,30.1,1201.1,12.0,4.0,2.666667,33234,consumer_metrics_run-20260224-003716_consumer-sts-6.csv,0.028313253012048192,1200
consumer-sts-6,skew,B0-R100-20260224-003716_0,1690,37,28.166667,30.0,849,522.025,963.872,4.4,30.1,1231.131,19.0,7.0,2.947368,34083,consumer_metrics_run-20260224-003716_consumer-sts-6.csv,0.021893491124260357,1230
consumer-sts-6,skew,B0-R100-20260224-003716_0,1709,36,28.483333,30.0,857,465.014,898.042,4.3,30.1,1261.134,14.0,6.0,3.428571,34940,consumer_metrics_run-20260224-003716_consumer-sts-6.csv,0.021064950263311878,1260
consumer-sts-6,skew,B0-R100-20260224-003716_0,1700,48,28.333333,30.0,843,630.981,1121.801,4.4,30.1,1291.163,18.0,4.0,1.777778,35783,consumer_metrics_run-20260224-003716_consumer-sts-6.csv,0.02823529411764706,1290
consumer-sts-6,skew,B0-R100-20260224-003716_0,1662,113,27.7,30.0,819,1244.492,1615.746,4.1,30.1,1321.174,26.0,7.0,2.153846,36602,consumer_metrics_run-20260224-003716_consumer-sts-6.csv,0.06799037304452467,1320
consumer-sts-6,skew,B0-R100-20260224-003716_0,1679,93,27.983333,30.0,859,423.079,819.467,3.9,30.1,1351.203,14.0,4.0,2.285714,37461,consumer_metrics_run-20260224-003716_consumer-sts-6.csv,0.05539011316259678,1350
consumer-sts-6,skew,B0-R100-20260224-003716_0,1698,61,28.3,30.0,839,944.777,1521.043,4.9,30.2,1381.234,23.0,7.0,2.434783,38300,consumer_metrics_run-20260224-003716_consumer-sts-6.csv,0.035924617196702,1380
consumer-sts-6,skew,B0-R100-20260224-003716_0,1701,68,28.35,30.0,862,466.882,1103.307,4.4,30.2,1411.262,17.0,6.0,2.823529,39162,consumer_metrics_run-20260224-003716_consumer-sts-6.csv,0.03997648442092887,1410
consumer-sts-6,skew,B0-R100-20260224-003716_0,1735,42,28.916667,30.0,873,287.252,1295.06,4.3,30.2,1441.29,9.0,2.0,1.777778,40035,consumer_metrics_run-20260224-003716_consumer-sts-6.csv,0.02420749279538905,1440
consumer-sts-6,skew,B0-R100-20260224-003716_0,1708,65,28.466667,30.0,835,752.013,1618.699,4.3,30.2,1471.318,14.0,4.0,2.285714,40870,consumer_metrics_run-20260224-003716_consumer-sts-6.csv,0.038056206088992975,1470
consumer-sts-6,skew,B0-R100-20260224-003716_0,1643,41,27.383333,30.0,799,256.893,707.093,4.4,30.2,1501.346,8.0,2.0,2.0,41672,consumer_metrics_run-20260224-003716_consumer-sts-6.csv,0.024954351795496044,1500
consumer-sts-6,skew,B0-R100-20260224-003716_0,1678,39,27.966667,30.0,873,721.34,1520.75,4.2,30.2,1531.374,14.0,4.0,2.285714,42545,consumer_metrics_run-20260224-003716_consumer-sts-6.csv,0.023241954707985697,1530
consumer-sts-6,skew,B0-R100-20260224-003716_0,1728,39,28.8,30.0,855,340.287,557.401,4.1,30.1,1561.402,17.0,4.0,1.882353,43400,consumer_metrics_run-20260224-003716_consumer-sts-6.csv,0.022569444444444444,1560
consumer-sts-6,skew,B0-R100-20260224-003716_0,1718,27,28.633333,30.0,863,639.28,970.609,4.4,30.1,1591.406,12.0,4.0,2.666667,44263,consumer_metrics_run-20260224-003716_consumer-sts-6.csv,0.01571594877764843,1590
consumer-sts-6,skew,B0-R100-20260224-003716_0,1704,37,28.4,30.0,841,323.497,1210.422,4.3,30.1,1621.434,13.0,9.0,5.538462,45104,consumer_metrics_run-20260224-003716_consumer-sts-6.csv,0.02171361502347418,1620
consumer-sts-6,skew,B0-R100-20260224-003716_0,1706,34,28.433333,30.0,865,493.464,922.063,4.3,30.1,1651.464,10.0,3.0,2.4,45969,consumer_metrics_run-20260224-003716_consumer-sts-6.csv,0.01992966002344666,1650
consumer-sts-6,skew,B0-R100-20260224-003716_0,1580,56,26.333333,30.0,483,867.852,1165.827,4.9,30.1,1681.494,14.0,6.0,3.428571,46452,consumer_metrics_run-20260224-003716_consumer-sts-6.csv,0.035443037974683546,1680
consumer-sts-7,skew,B0-R100-20260224-003716_0,709,21,11.816667,30.0,709,523.202,2454.506,0.0,15.9,30.032,14.0,6.0,3.428571,709,consumer_metrics_run-20260224-003716_consumer-sts-7.csv,0.029619181946403384,30
consumer-sts-7,skew,B0-R100-20260224-003716_0,1573,44,26.216667,30.0,864,625.596,992.733,42.1,15.9,60.062,25.0,6.0,1.92,1573,consumer_metrics_run-20260224-003716_consumer-sts-7.csv,0.027972027972027972,60
consumer-sts-7,skew,B0-R100-20260224-003716_0,1797,41,29.95,30.0,930,464.485,893.293,42.1,16.3,90.093,24.0,7.0,2.333333,2503,consumer_metrics_run-20260224-003716_consumer-sts-7.csv,0.022815804117974403,90
consumer-sts-7,skew,B0-R100-20260224-003716_0,1844,37,30.733333,30.0,914,581.838,923.299,41.7,16.8,120.123,13.0,6.0,3.692308,3417,consumer_metrics_run-20260224-003716_consumer-sts-7.csv,0.020065075921908895,120
consumer-sts-7,skew,B0-R100-20260224-003716_0,1770,55,29.5,30.0,856,698.593,1246.768,42.0,15.8,150.154,22.0,8.0,2.909091,4273,consumer_metrics_run-20260224-003716_consumer-sts-7.csv,0.031073446327683617,150
consumer-sts-7,skew,B0-R100-20260224-003716_0,1662,58,27.7,30.0,806,453.741,984.241,42.1,15.8,180.169,16.0,6.0,3.0,5079,consumer_metrics_run-20260224-003716_consumer-sts-7.csv,0.03489771359807461,180
consumer-sts-7,skew,B0-R100-20260224-003716_0,1682,48,28.033333,30.0,875,555.411,1063.454,42.4,16.1,210.193,26.0,9.0,2.769231,5954,consumer_metrics_run-20260224-003716_consumer-sts-7.csv,0.028537455410225922,210
consumer-sts-7,skew,B0-R100-20260224-003716_0,1774,33,29.566667,30.0,899,412.71,799.439,42.0,16.0,240.224,16.0,4.0,2.0,6853,consumer_metrics_run-20260224-003716_consumer-sts-7.csv,0.018602029312288614,240
consumer-sts-7,skew,B0-R100-20260224-003716_0,1730,67,28.833333,30.0,831,967.389,1337.458,41.5,15.7,270.248,14.0,5.0,2.857143,7684,consumer_metrics_run-20260224-003716_consumer-sts-7.csv,0.03872832369942197,270
consumer-sts-7,skew,B0-R100-20260224-003716_0,1622,70,27.033333,30.0,791,337.51,866.361,41.9,15.6,300.278,10.0,3.0,2.4,8475,consumer_metrics_run-20260224-003716_consumer-sts-7.csv,0.04315659679408138,300
consumer-sts-7,skew,B0-R100-20260224-003716_0,1536,43,25.6,30.0,745,661.123,1361.283,42.1,15.6,330.309,11.0,3.0,2.181818,9220,consumer_metrics_run-20260224-003716_consumer-sts-7.csv,0.027994791666666668,330
consumer-sts-7,skew,B0-R100-20260224-003716_0,1587,52,26.45,30.0,842,390.491,921.634,42.1,15.6,360.315,18.0,10.0,4.444444,10062,consumer_metrics_run-20260224-003716_consumer-sts-7.csv,0.03276622558286074,360
consumer-sts-7,skew,B0-R100-20260224-003716_0,1682,29,28.033333,30.0,840,571.924,822.149,42.0,15.6,390.345,24.0,5.0,1.666667,10902,consumer_metrics_run-20260224-003716_consumer-sts-7.csv,0.017241379310344827,390
consumer-sts-7,skew,B0-R100-20260224-003716_0,1709,26,28.483333,30.0,869,275.128,1101.808,41.8,15.6,420.36,6.0,2.0,2.666667,11771,consumer_metrics_run-20260224-003716_consumer-sts-7.csv,0.015213575190169689,420
consumer-sts-7,skew,B0-R100-20260224-003716_0,1753,60,29.216667,30.0,881,770.734,1574.39,42.2,15.7,450.391,5.0,2.0,3.2,12652,consumer_metrics_run-20260224-003716_consumer-sts-7.csv,0.034227039361095266,450
consumer-sts-7,skew,B0-R100-20260224-003716_0,1699,53,28.316667,30.0,811,395.452,813.884,41.9,15.7,480.422,18.0,7.0,3.111111,13463,consumer_metrics_run-20260224-003716_consumer-sts-7.csv,0.031194820482636845,480
consumer-sts-7,skew,B0-R100-20260224-003716_0,1714,42,28.566667,30.0,903,514.868,1312.302,41.9,15.7,510.453,24.0,9.0,3.0,14366,consumer_metrics_run-20260224-003716_consumer-sts-7.csv,0.024504084014002333,510
consumer-sts-7,skew,B0-R100-20260224-003716_0,1743,76,29.05,30.0,840,874.62,1600.925,42.0,15.8,540.483,23.0,6.0,2.086957,15206,consumer_metrics_run-20260224-003716_consumer-sts-7.csv,0.04360298336201951,540
consumer-sts-7,skew,B0-R100-20260224-003716_0,1638,68,27.3,30.0,798,575.63,983.226,42.2,15.8,570.513,11.0,3.0,2.181818,16004,consumer_metrics_run-20260224-003716_consumer-sts-7.csv,0.04151404151404151,570
consumer-sts-7,skew,B0-R100-20260224-003716_0,1654,44,27.566667,30.0,856,449.749,1040.525,41.9,15.8,600.523,21.0,8.0,3.047619,16860,consumer_metrics_run-20260224-003716_consumer-sts-7.csv,0.026602176541717048,600
consumer-sts-7,skew,B0-R100-20260224-003716_0,1697,54,28.283333,30.0,840,674.76,1230.447,42.3,15.8,630.554,26.0,6.0,1.846154,17700,consumer_metrics_run-20260224-003716_consumer-sts-7.csv,0.03182086034177961,630
consumer-sts-7,skew,B0-R100-20260224-003716_0,1629,35,27.15,30.0,789,211.005,403.703,42.1,15.8,660.584,9.0,6.0,5.333333,18489,consumer_metrics_run-20260224-003716_consumer-sts-7.csv,0.021485573971761818,660
consumer-sts-7,skew,B0-R100-20260224-003716_0,1720,1,28.666667,30.0,931,312.405,749.67,42.2,15.8,690.615,19.0,4.0,1.684211,19420,consumer_metrics_run-20260224-003716_consumer-sts-7.csv,0.0005813953488372093,690
consumer-sts-7,skew,B0-R100-20260224-003716_0,1835,12,30.583333,30.0,904,536.945,871.926,41.7,15.2,720.63,11.0,3.0,2.181818,20324,consumer_metrics_run-20260224-003716_consumer-sts-7.csv,0.006539509536784741,720
consumer-sts-7,skew,B0-R100-20260224-003716_0,1785,14,29.75,30.0,881,322.203,659.092,41.9,16.3,750.661,11.0,3.0,2.181818,21205,consumer_metrics_run-20260224-003716_consumer-sts-7.csv,0.00784313725490196,750
consumer-sts-7,skew,B0-R100-20260224-003716_0,1692,32,28.2,30.0,811,613.154,1243.44,41.8,15.7,780.691,9.0,3.0,2.666667,22016,consumer_metrics_run-20260224-003716_consumer-sts-7.csv,0.018912529550827423,780
consumer-sts-7,skew,B0-R100-20260224-003716_0,1687,34,28.116667,30.0,873,348.665,725.501,42.4,15.7,810.722,24.0,7.0,2.333333,22889,consumer_metrics_run-20260224-003716_consumer-sts-7.csv,0.02015411973918198,810
consumer-sts-7,skew,B0-R100-20260224-003716_0,1708,36,28.466667,30.0,835,423.69,1695.03,41.6,15.9,840.753,11.0,5.0,3.636364,23724,consumer_metrics_run-20260224-003716_consumer-sts-7.csv,0.02107728337236534,840
consumer-sts-7,skew,B0-R100-20260224-003716_0,1678,52,27.966667,30.0,843,365.862,987.063,42.2,16.2,870.784,16.0,7.0,3.5,24567,consumer_metrics_run-20260224-003716_consumer-sts-7.csv,0.03098927294398093,870
consumer-sts-7,skew,B0-R100-20260224-003716_0,1673,47,27.883333,30.0,830,473.329,1018.269,42.0,15.6,900.814,23.0,11.0,3.826087,25397,consumer_metrics_run-20260224-003716_consumer-sts-7.csv,0.028093245666467422,900
consumer-sts-7,skew,B0-R100-20260224-003716_0,1749,56,29.15,30.0,919,556.589,1074.488,42.2,15.6,930.845,18.0,5.0,2.222222,26316,consumer_metrics_run-20260224-003716_consumer-sts-7.csv,0.03201829616923957,930
consumer-sts-7,skew,B0-R100-20260224-003716_0,1732,65,28.866667,30.0,813,698.775,1183.545,42.1,15.6,960.853,17.0,6.0,2.823529,27129,consumer_metrics_run-20260224-003716_consumer-sts-7.csv,0.037528868360277134,960
consumer-sts-7,skew,B0-R100-20260224-003716_0,1667,36,27.783333,30.0,852,204.343,715.318,42.0,15.6,990.884,10.0,3.0,2.4,27981,consumer_metrics_run-20260224-003716_consumer-sts-7.csv,0.021595680863827234,990
consumer-sts-7,skew,B0-R100-20260224-003716_0,1675,5,27.916667,30.0,823,269.188,698.068,41.7,15.6,1020.914,12.0,5.0,3.333333,28804,consumer_metrics_run-20260224-003716_consumer-sts-7.csv,0.0029850746268656717,1020
consumer-sts-7,skew,B0-R100-20260224-003716_0,1688,27,28.133333,30.0,865,611.569,925.609,42.0,15.7,1050.944,18.0,6.0,2.666667,29669,consumer_metrics_run-20260224-003716_consumer-sts-7.csv,0.015995260663507108,1050
consumer-sts-7,skew,B0-R100-20260224-003716_0,1778,32,29.633333,30.0,913,248.845,786.427,42.1,15.7,1080.975,7.0,3.0,3.428571,30582,consumer_metrics_run-20260224-003716_consumer-sts-7.csv,0.01799775028121485,1080
consumer-sts-7,skew,B0-R100-20260224-003716_0,1768,58,29.466667,30.0,855,953.853,1768.406,41.5,15.7,1111.005,13.0,3.0,1.846154,31437,consumer_metrics_run-20260224-003716_consumer-sts-7.csv,0.032805429864253395,1110
consumer-sts-7,skew,B0-R100-20260224-003716_0,1725,79,28.75,30.0,870,611.66,1080.581,42.0,15.7,1141.036,19.0,5.0,2.105263,32307,consumer_metrics_run-20260224-003716_consumer-sts-7.csv,0.04579710144927536,1140
consumer-sts-7,skew,B0-R100-20260224-003716_0,1715,34,28.583333,30.0,845,356.59,762.56,42.0,15.8,1171.053,12.0,4.0,2.666667,33152,consumer_metrics_run-20260224-003716_consumer-sts-7.csv,0.019825072886297375,1170
consumer-sts-7,skew,B0-R100-20260224-003716_0,1768,29,29.466667,30.0,922,356.344,1120.053,41.9,15.8,1201.084,22.0,7.0,2.545455,34074,consumer_metrics_run-20260224-003716_consumer-sts-7.csv,0.016402714932126698,1200
consumer-sts-7,skew,B0-R100-20260224-003716_0,1776,35,29.6,30.0,854,411.913,806.754,42.1,15.8,1231.114,18.0,5.0,2.222222,34928,consumer_metrics_run-20260224-003716_consumer-sts-7.csv,0.019707207207207207,1230
consumer-sts-7,skew,B0-R100-20260224-003716_0,1672,51,27.866667,30.0,818,771.798,1266.484,42.3,15.8,1261.143,30.0,7.0,1.866667,35746,consumer_metrics_run-20260224-003716_consumer-sts-7.csv,0.030502392344497607,1260
consumer-sts-7,skew,B0-R100-20260224-003716_0,1695,56,28.25,30.0,877,419.647,1139.822,42.1,15.8,1291.174,16.0,5.0,2.5,36623,consumer_metrics_run-20260224-003716_consumer-sts-7.csv,0.03303834808259587,1290
consumer-sts-7,skew,B0-R100-20260224-003716_0,1804,24,30.066667,30.0,927,451.966,785.178,41.9,15.8,1321.2,12.0,4.0,2.666667,37550,consumer_metrics_run-20260224-003716_consumer-sts-7.csv,0.013303769401330377,1320
consumer-sts-7,skew,B0-R100-20260224-003716_0,1784,28,29.733333,30.0,857,398.655,969.671,41.8,16.0,1351.231,18.0,5.0,2.222222,38407,consumer_metrics_run-20260224-003716_consumer-sts-7.csv,0.01569506726457399,1350
consumer-sts-7,skew,B0-R100-20260224-003716_0,1665,29,27.75,30.0,808,433.16,802.239,42.4,16.3,1381.262,11.0,5.0,3.636364,39215,consumer_metrics_run-20260224-003716_consumer-sts-7.csv,0.017417417417417418,1380
consumer-sts-7,skew,B0-R100-20260224-003716_0,1604,50,26.733333,30.0,796,745.819,1792.026,42.1,15.7,1411.293,28.0,10.0,2.857143,40011,consumer_metrics_run-20260224-003716_consumer-sts-7.csv,0.03117206982543641,1410
consumer-sts-7,skew,B0-R100-20260224-003716_0,1672,73,27.866667,30.0,876,685.516,1332.809,41.9,15.9,1441.323,31.0,9.0,2.322581,40887,consumer_metrics_run-20260224-003716_consumer-sts-7.csv,0.04366028708133971,1440
consumer-sts-7,skew,B0-R100-20260224-003716_0,1725,48,28.75,30.0,849,373.871,956.578,41.7,16.0,1471.353,16.0,4.0,2.0,41736,consumer_metrics_run-20260224-003716_consumer-sts-7.csv,0.02782608695652174,1470
consumer-sts-7,skew,B0-R100-20260224-003716_0,1743,23,29.05,30.0,894,450.399,789.086,41.8,15.7,1501.383,10.0,2.0,1.6,42630,consumer_metrics_run-20260224-003716_consumer-sts-7.csv,0.013195639701663799,1500
consumer-sts-7,skew,B0-R100-20260224-003716_0,1778,25,29.633333,30.0,881,448.878,947.431,42.2,15.6,1531.413,10.0,3.0,2.4,43511,consumer_metrics_run-20260224-003716_consumer-sts-7.csv,0.0140607424071991,1530
consumer-sts-7,skew,B0-R100-20260224-003716_0,1773,28,29.55,30.0,892,411.714,830.5,42.0,15.6,1561.443,16.0,9.0,4.5,44403,consumer_metrics_run-20260224-003716_consumer-sts-7.csv,0.015792442188381276,1560
consumer-sts-7,skew,B0-R100-20260224-003716_0,1747,20,29.116667,30.0,855,479.367,798.8,42.1,15.6,1591.474,12.0,5.0,3.333333,45258,consumer_metrics_run-20260224-003716_consumer-sts-7.csv,0.011448196908986834,1590
consumer-sts-7,skew,B0-R100-20260224-003716_0,1699,9,28.316667,30.0,843,195.492,449.948,42.1,15.6,1621.504,12.0,4.0,2.666667,46101,consumer_metrics_run-20260224-003716_consumer-sts-7.csv,0.00529723366686286,1620
consumer-sts-7,skew,B0-R100-20260224-003716_0,1663,28,27.716667,30.0,820,666.193,1170.638,42.1,15.6,1651.505,10.0,4.0,3.2,46921,consumer_metrics_run-20260224-003716_consumer-sts-7.csv,0.01683704149128082,1650
consumer-sts-7,skew,B0-R100-20260224-003716_0,1471,45,24.516667,30.0,443,731.507,1434.061,42.0,15.7,1681.536,10.0,4.0,3.2,47364,consumer_metrics_run-20260224-003716_consumer-sts-7.csv,0.030591434398368457,1680
