block_id,file_name,computed_at,metric,block_max_value,rows_in_block
batch_consumer-sts-1_20250825_064156_906675,batch_consumer-sts-1_20250825_064156_906675.parquet,1756132813.871291,application_consumer,0.0999948838769306,5000
batch_consumer-sts-1_20250825_064219_670113,batch_consumer-sts-1_20250825_064219_670113.parquet,1756132813.8777492,application_consumer,0.09993782725703766,5000
batch_consumer-sts-1_20250825_064251_305117,batch_consumer-sts-1_20250825_064251_305117.parquet,1756132813.8816948,application_consumer,0.09999847020801826,5000
batch_consumer-sts-1_20250825_064326_531713,batch_consumer-sts-1_20250825_064326_531713.parquet,1756132813.8849244,application_consumer,0.09999950257459372,5000
batch_consumer-sts-1_20250825_064357_364927,batch_consumer-sts-1_20250825_064357_364927.parquet,1756132813.8880975,application_consumer,0.09999091795044036,5000
batch_consumer-sts-1_20250825_064427_573132,batch_consumer-sts-1_20250825_064427_573132.parquet,1756132813.8912697,application_consumer,0.0999625520888305,5000
batch_consumer-sts-1_20250825_064458_811481,batch_consumer-sts-1_20250825_064458_811481.parquet,1756132813.8944883,application_consumer,0.09999972368713819,5000
batch_consumer-sts-1_20250825_064531_024291,batch_consumer-sts-1_20250825_064531_024291.parquet,1756132813.8978744,application_consumer,0.09998537857973153,5000
batch_consumer-sts-1_20250825_064601_695751,batch_consumer-sts-1_20250825_064601_695751.parquet,1756132813.9010522,application_consumer,0.09999949622269455,5000
batch_consumer-sts-1_20250825_064634_340267,batch_consumer-sts-1_20250825_064634_340267.parquet,1756132813.9041855,application_consumer,0.09999622000982186,5000
batch_consumer-sts-1_20250825_064706_735302,batch_consumer-sts-1_20250825_064706_735302.parquet,1756132813.9073763,application_consumer,0.09997841134868402,5000
batch_consumer-sts-1_20250825_064737_710178,batch_consumer-sts-1_20250825_064737_710178.parquet,1756132813.9107015,application_consumer,0.09999111754294965,5000
batch_consumer-sts-1_20250825_065645_871911,batch_consumer-sts-1_20250825_065645_871911.parquet,1756132813.9147727,application_consumer,0.0999866761330771,5000
batch_consumer-sts-0_20250825_150725_229848,batch_consumer-sts-0_20250825_150725_229848.parquet,1756134447.4469855,application_consumer,0.09999575629674778,5000
batch_consumer-sts-1_20250825_150726_321164,batch_consumer-sts-1_20250825_150726_321164.parquet,1756134447.4794097,application_consumer,0.09999746188926655,5000
batch_consumer-sts-0_20250825_150851_148073,batch_consumer-sts-0_20250825_150851_148073.parquet,1756134531.8840733,application_consumer,0.09997280567896187,5000
batch_consumer-sts-1_20250825_150852_706597,batch_consumer-sts-1_20250825_150852_706597.parquet,1756134534.0640492,application_consumer,0.09999560614851691,5000
batch_consumer-sts-0_20250825_151013_588496,batch_consumer-sts-0_20250825_151013_588496.parquet,1756134614.3774862,application_consumer,0.09997037488551494,5000
batch_consumer-sts-1_20250825_151017_256382,batch_consumer-sts-1_20250825_151017_256382.parquet,1756134618.6138105,application_consumer,0.09999172913989769,5000
batch_consumer-sts-0_20250825_151136_900376,batch_consumer-sts-0_20250825_151136_900376.parquet,1756134698.9249487,application_consumer,0.09997602872527389,5000
batch_consumer-sts-1_20250825_151137_008543,batch_consumer-sts-1_20250825_151137_008543.parquet,1756134698.9318569,application_consumer,0.0999911007444209,5000
batch_consumer-sts-1_20250825_151258_815348,batch_consumer-sts-1_20250825_151258_815348.parquet,1756134779.3425493,application_consumer,0.09999809295833237,5000
batch_consumer-sts-0_20250825_151304_952502,batch_consumer-sts-0_20250825_151304_952502.parquet,1756134785.5520933,application_consumer,0.09998900855659731,5000
batch_consumer-sts-1_20250825_151424_398127,batch_consumer-sts-1_20250825_151424_398127.parquet,1756134865.8617752,application_consumer,0.09999780725066823,5000
batch_consumer-sts-0_20250825_151428_009875,batch_consumer-sts-0_20250825_151428_009875.parquet,1756134870.063091,application_consumer,0.09999204467822197,5000
batch_consumer-sts-0_20250825_151549_972219,batch_consumer-sts-0_20250825_151549_972219.parquet,1756134950.3714774,application_consumer,0.09999182652533317,5000
batch_consumer-sts-1_20250825_151548_706541,batch_consumer-sts-1_20250825_151548_706541.parquet,1756134950.37894,application_consumer,0.09998776181987525,5000
batch_consumer-sts-0_20250825_151711_640397,batch_consumer-sts-0_20250825_151711_640397.parquet,1756135032.8702822,application_consumer,0.09999969012828593,5000
batch_consumer-sts-1_20250825_151712_316328,batch_consumer-sts-1_20250825_151712_316328.parquet,1756135032.8780231,application_consumer,0.0999890466225938,5000
batch_consumer-sts-0_20250825_151836_112045,batch_consumer-sts-0_20250825_151836_112045.parquet,1756135117.2967834,application_consumer,0.09999580576805231,5000
batch_consumer-sts-1_20250825_151838_128512,batch_consumer-sts-1_20250825_151838_128512.parquet,1756135119.5457032,application_consumer,0.09999177732475559,5000
batch_consumer-sts-0_20250825_151956_479792,batch_consumer-sts-0_20250825_151956_479792.parquet,1756135197.8114772,application_consumer,0.09999730007068147,5000
batch_consumer-sts-1_20250825_152000_636793,batch_consumer-sts-1_20250825_152000_636793.parquet,1756135201.971315,application_consumer,0.09999814403558634,5000
batch_consumer-sts-0_20250825_152117_572660,batch_consumer-sts-0_20250825_152117_572660.parquet,1756135278.2473388,application_consumer,0.09997237544927674,5000
batch_consumer-sts-1_20250825_152122_933309,batch_consumer-sts-1_20250825_152122_933309.parquet,1756135284.4106028,application_consumer,0.0999919592998326,5000
batch_consumer-sts-0_20250825_152242_043960,batch_consumer-sts-0_20250825_152242_043960.parquet,1756135362.6743212,application_consumer,0.09997537860093086,5000
batch_consumer-sts-1_20250825_152245_307617,batch_consumer-sts-1_20250825_152245_307617.parquet,1756135366.9190161,application_consumer,0.09998907556352515,5000
batch_consumer-sts-0_20250825_152405_199140,batch_consumer-sts-0_20250825_152405_199140.parquet,1756135447.2345958,application_consumer,0.09997332929188961,5000
batch_consumer-sts-1_20250825_152405_935035,batch_consumer-sts-1_20250825_152405_935035.parquet,1756135447.2418427,application_consumer,0.09998377441859178,5000
batch_consumer-sts-0_20250825_152527_266397,batch_consumer-sts-0_20250825_152527_266397.parquet,1756135527.6466873,application_consumer,0.09998360227981505,5000
batch_consumer-sts-1_20250825_152530_277304,batch_consumer-sts-1_20250825_152530_277304.parquet,1756135531.877156,application_consumer,0.09999240066831684,5000
batch_consumer-sts-0_20250825_152649_760348,batch_consumer-sts-0_20250825_152649_760348.parquet,1756135610.2021246,application_consumer,0.09998173137938365,5000
batch_consumer-sts-1_20250825_152654_828095,batch_consumer-sts-1_20250825_152654_828095.parquet,1756135616.4419692,application_consumer,0.09998237010926926,5000
batch_consumer-sts-0_20250825_152812_436492,batch_consumer-sts-0_20250825_152812_436492.parquet,1756135692.7152374,application_consumer,0.09998605519071715,5000
batch_consumer-sts-1_20250825_152815_688047,batch_consumer-sts-1_20250825_152815_688047.parquet,1756135696.953587,application_consumer,0.09997378127543922,5000
batch_consumer-sts-0_20250825_152936_881010,batch_consumer-sts-0_20250825_152936_881010.parquet,1756135777.3731494,application_consumer,0.0999872744657618,5000
batch_consumer-sts-1_20250825_152937_095624,batch_consumer-sts-1_20250825_152937_095624.parquet,1756135777.3800576,application_consumer,0.09999376568226762,5000
batch_consumer-sts-1_20250825_153059_372856,batch_consumer-sts-1_20250825_153059_372856.parquet,1756135859.813601,application_consumer,0.09997104051034103,5000
batch_consumer-sts-0_20250825_153101_087285,batch_consumer-sts-0_20250825_153101_087285.parquet,1756135861.999376,application_consumer,0.09998868104775019,5000
batch_consumer-sts-1_20250825_153222_745790,batch_consumer-sts-1_20250825_153222_745790.parquet,1756135944.3129344,application_consumer,0.09995591561503982,5000
batch_consumer-sts-0_20250825_153225_439937,batch_consumer-sts-0_20250825_153225_439937.parquet,1756135946.5504918,application_consumer,0.0999914882864221,5000
