timestamp_epoch,seconds_from_start,labels_json,value
1789192151.897,5.99993109703064,{},309.34222586365223
1789192153.897,7.99993109703064,{},279.13399987778956
1789192155.897,9.99993109703064,{},367.70631661095825
1789192157.897,11.99993109703064,{},386.3859211047149
1789192159.897,13.99993109703064,{},311.7789080677447
1789192161.897,15.99993109703064,{},302.77068257836356
1789192163.897,17.99993109703064,{},298.9011872870416
1789192165.897,19.99993109703064,{},275.6202842545712
1789192167.897,21.99993109703064,{},285.9762539703895
1789192169.897,23.99993109703064,{},314.02667108163524
1789192171.897,25.99993109703064,{},302.713545584737
1789192173.897,27.99993109703064,{},298.9640537056284
1789192175.897,29.99993109703064,{},278.57521406433597
1789192177.897,31.99993109703064,{},279.64212076583215
1789192179.897,33.99993109703064,{},1099.8265429608782
1789192181.897,35.99993109703064,{},1313.345633456346
1789192183.897,37.99993109703064,{},1437.2986493246715
1789192185.897,39.99993109703064,{},1436.1730865432792
1789192187.897,41.99993109703064,{},1436.7983991996095
1789192189.897,43.99993109703064,{},1437.1735867934033
1789192191.897,45.99993109703064,{},1437.6738369184654
1789192193.897,47.99993109703064,{},1437.8614307153678
1789192195.897,49.99993109703064,{},1437.1110555277692
1789192197.897,51.99993109703064,{},1437.4862431215627
1789192199.897,53.99993109703064,{},1437.8614307153678
1789192201.897,55.99993109703064,{},1437.7088544272224
1789192203.897,57.99993109703064,{},1433.5367683842017
1789192205.897,59.99993109703064,{},848.5478015328756
1789192207.897,61.99993109703064,{},406.85477750948775
1789192209.897,63.99993109703064,{},819.299948901382
1789192211.897,65.99993109703064,{},862.9417413572396
1789192213.897,67.99993109703064,{},895.7328492260694
1789192215.897,69.99993109703064,{},896.2088643713171
1789192217.897,71.99993109703064,{},899.2476489028207
1789192219.897,73.99993109703064,{},902.0140010770082
1789192221.897,75.99993109703064,{},901.3267702312147
1789192223.897,77.99993109703064,{},900.3458660339494
1789192225.897,79.99993109703064,{},896.8498962851239
1789192227.897,81.99993109703064,{},896.3104494595136
1789192229.897,83.99993109703064,{},896.855679878629
1789192231.897,85.99993109703064,{},896.6868955054103
1789192233.897,87.99993109703064,{},892.3317025440344
1789192235.897,89.99993109703064,{},586.7883211678766
1789192237.897,91.99993109703064,{},448.5979271857557
1789192239.897,93.99993109703064,{},800.733708966191
1789192241.897,95.99993109703064,{},849.8653519932166
1789192243.897,97.99993109703064,{},872.7448156682046
1789192245.897,99.99993109703064,{},894.6843590195737
1789192247.897,101.99993109703064,{},906.9222568476321
1789192249.897,103.99993109703064,{},907.1139075012251
1789192251.897,105.99993109703064,{},907.4804878048787
1789192253.897,107.99993109703064,{},908.2615707144024
1789192255.897,109.99993109703064,{},910.0118614581694
1789192257.897,111.99993109703064,{},909.3931691818897
1789192259.897,113.99993109703064,{},905.8066115702493
1789192261.897,115.99993109703064,{},905.1139767054923
1789192263.897,117.99993109703064,{},900.7295988934993
1789192265.897,119.99993109703064,{},699.133401569429
1789192267.897,121.99993109703064,{},483.67713498622703
1789192269.897,123.99993109703064,{},833.6911764705906
1789192271.897,125.99993109703064,{},853.970624235004
1789192273.897,127.99993109703064,{},881.521453590197
1789192275.897,129.99993109703064,{},881.1889573251179
1789192277.897,131.99993109703064,{},879.1185035842295
1789192279.897,133.99993109703064,{},875.3258866881667
1789192281.897,135.99993109703064,{},875.3258866881667
1789192283.897,137.99993109703064,{},875.4986181483218
1789192285.897,139.99993109703064,{},876.753202195792
1789192287.897,141.99993109703064,{},877.0639269406416
1789192289.897,143.99993109703064,{},877.5984520828604
1789192291.897,145.99993109703064,{},877.3708172091979
1789192293.897,147.99993109703064,{},872.4906235349271
1789192295.897,149.99993109703064,{},473.98523331364595
1789192297.897,151.99993109703064,{},383.96178778573835
1789192299.897,153.99993109703064,{},869.7927350427352
1789192301.897,155.99993109703064,{},915.942041829139
1789192303.897,157.99993109703064,{},943.375291375297
1789192305.897,159.99993109703064,{},943.960129310343
1789192307.897,161.99993109703064,{},944.5767881653194
1789192309.897,163.99993109703064,{},950.8014031300589
1789192311.897,165.99993109703064,{},952.6454923356715
1789192313.897,167.99993109703064,{},953.6440355329926
1789192315.897,169.99993109703064,{},953.7367290192099
1789192317.897,171.99993109703064,{},953.7525278058633
1789192319.897,173.99993109703064,{},953.465588084232
1789192321.897,175.99993109703064,{},953.14472322814
1789192323.897,177.99993109703064,{},951.4905560692089
1789192325.897,179.99993109703064,{},753.015160022462
1789192327.897,181.99993109703064,{},482.5011622501156
1789192329.897,183.99993109703064,{},800.1383196721305
1789192331.897,185.99993109703064,{},836.924092990486
1789192333.897,187.99993109703064,{},853.4288222151283
1789192335.897,189.99993109703064,{},829.5781453261479
1789192337.897,191.99993109703064,{},813.2559087204543
1789192339.897,193.99993109703064,{},815.494472361804
1789192341.897,195.99993109703064,{},816.5303060612131
1789192343.897,197.99993109703064,{},817.7882516372293
1789192345.897,199.99993109703064,{},814.8914572864294
1789192347.897,201.99993109703064,{},811.6234164282772
1789192349.897,203.99993109703064,{},807.0819327731085
1789192351.897,205.99993109703064,{},807.1629567408644
1789192353.897,207.99993109703064,{},804.1980429695791
1789192355.897,209.99993109703064,{},477.96491228070335
1789192357.897,211.99993109703064,{},376.9553679131474
1789192359.897,213.99993109703064,{},499.986252045827
1789192361.897,215.99993109703064,{},602.2308892355699
1789192363.897,217.99993109703064,{},659.5611073598947
1789192365.897,219.99993109703064,{},659.9813874788463
1789192367.897,221.99993109703064,{},665.3880746169236
1789192369.897,223.99993109703064,{},678.6096938775523
1789192371.897,225.99993109703064,{},680.6244057052334
1789192373.897,227.99993109703064,{},682.3508993373324
1789192375.897,229.99993109703064,{},705.7155373831812
1789192377.897,231.99993109703064,{},714.845652789581
1789192379.897,233.99993109703064,{},738.0256136606221
1789192381.897,235.99993109703064,{},752.9749103942664
1789192383.897,237.99993109703064,{},778.4241060857171
1789192385.897,239.99993109703064,{},723.5608128601717
1789192387.897,241.99993109703064,{},652.663723325968
1789192389.897,243.99993109703064,{},932.0519757337254
1789192391.897,245.99993109703064,{},963.1460593946323
1789192393.897,247.99993109703064,{},985.9460350969767
1789192395.897,249.99993109703064,{},986.4196877480789
1789192397.897,251.99993109703064,{},986.530959549676
1789192399.897,253.99993109703064,{},986.1754176610966
1789192401.897,255.99993109703064,{},986.1276142267179
1789192403.897,257.99993109703064,{},985.8886048701705
1789192405.897,259.99993109703064,{},982.190271618623
1789192407.897,261.99993109703064,{},973.5908887896362
1789192409.897,263.99993109703064,{},953.8452481076472
1789192411.897,265.99993109703064,{},952.9555856924841
1789192413.897,267.99993109703064,{},950.2518299058869
1789192415.897,269.99993109703064,{},669.8300283286122
1789192417.897,271.99993109703064,{},434.5051403167536
1789192419.897,273.99993109703064,{},784.5312152854877
1789192421.897,275.99993109703064,{},815.3889773179488
1789192423.897,277.99993109703064,{},850.750043007053
1789192425.897,279.99993109703064,{},847.0884173297957
1789192427.897,281.99993109703064,{},846.9115826702026
1789192429.897,283.99993109703064,{},846.8010610079584
1789192431.897,285.99993109703064,{},846.7347480106096
1789192433.897,287.99993109703064,{},846.7568523430591
1789192435.897,289.99993109703064,{},845.9959096567646
1789192437.897,291.99993109703064,{},846.3344594594606
1789192439.897,293.99993109703064,{},841.6684971627288
1789192441.897,295.99993109703064,{},838.2762492981491
1789192443.897,297.99993109703064,{},836.7536259182535
1789192445.897,299.99993109703064,{},492.15835929387373
1789192447.897,301.99993109703064,{},364.39289940828314
1789192449.897,303.99993109703064,{},376.3478260869563
1789192451.897,305.99993109703064,{},378.8735729386882
1789192453.897,307.99993109703064,{},381.5521606285455
1789192455.897,309.99993109703064,{},393.8340874811451
1789192457.897,311.99993109703064,{},404.99528548978316
1789192459.897,313.99993109703064,{},395.8239247311843
1789192461.897,315.99993109703064,{},400.3031988873449
1789192463.897,317.99993109703064,{},391.22471042470977
1789192465.897,319.99993109703064,{},420.383820998278
1789192467.897,321.99993109703064,{},429.9450661241115
1789192469.897,323.99993109703064,{},370.2835820895514
1789192471.897,325.99993109703064,{},258.6750000000001
1789192473.897,327.99993109703064,{},225.64102564102416
1789192475.897,329.99993109703064,{},NaN
1789192477.897,331.99993109703064,{},NaN
1789192479.897,333.99993109703064,{},NaN
1789192481.897,335.99993109703064,{},NaN
1789192483.897,337.99993109703064,{},NaN
1789192485.897,339.99993109703064,{},NaN
1789192487.897,341.99993109703064,{},NaN
1789192489.897,343.99993109703064,{},NaN
1789192491.897,345.99993109703064,{},NaN
1789192493.897,347.99993109703064,{},NaN
1789192495.897,349.99993109703064,{},NaN
1789192497.897,351.99993109703064,{},NaN
1789192499.897,353.99993109703064,{},NaN
1789192501.897,355.99993109703064,{},NaN
1789192503.897,357.99993109703064,{},NaN
1789192505.897,359.99993109703064,{},NaN
1789192507.897,361.99993109703064,{},NaN
1789192509.897,363.99993109703064,{},NaN
1789192511.897,365.99993109703064,{},NaN
1789192513.897,367.99993109703064,{},NaN
1789192515.897,369.99993109703064,{},NaN
1789192517.897,371.99993109703064,{},NaN
1789192519.897,373.99993109703064,{},NaN
